,logFC,CI.L,CI.R,AveExpr,t,P.Value,adj.P.Val,B,Gene.symbol,Platform.ORF,Probability,Standard.Error
2,1.60034765,1.13791752,2.06277778,8.79169806,7.976452572,4.39E-05,0.026018925,2.653051422,pepT,gene:SMU_691,0.934198814,0.23593374
5,2.442551679,1.70665753,3.178445827,14.41861415,7.650150617,5.92E-05,0.026018925,1.918695562,6S,gene:EBG00001212958,0.871992901,0.375456198
9,2.125312977,1.371054436,2.879571518,12.46318923,6.494477723,0.00018682,0.026018925,1.179418702,wapA,gene:SMU_987,0.764843269,0.384825786
13,1.318741171,0.830087082,1.807395261,5.494619627,6.220132003,0.000250789,0.026018925,0.995189038,mtlA1,gene:SMU_1185,0.730111635,0.249313311
15,1.418415113,0.888312644,1.948517583,7.027187797,6.167158304,0.000265738,0.026018925,0.930953824,pttB,gene:SMU_2038,0.717268756,0.270460444
16,1.506051386,0.939588747,2.072514026,9.563802245,6.12787775,0.000277458,0.026018925,0.896855671,ptnA,gene:SMU_1877,0.710302914,0.289011551
23,2.301807333,1.43036532,3.173249346,14.09532583,6.087963631,0.000289953,0.026018925,0.711127169,tmRNA,gene:EBG00001213027,0.670650175,0.444613272
28,1.584718793,0.955573875,2.213863712,4.811875762,5.805546247,0.000398262,0.026018925,0.554846411,CRISPR-DR22,gene:EBG00001212962,0.635259263,0.320992305
32,2.064831125,1.236796785,2.892865464,7.50787533,5.74748391,0.000425656,0.026018925,0.465002194,SpR19_sRNA,gene:EBG00001213013,0.614200163,0.4224665
38,1.19199578,0.687173539,1.696818021,6.701830837,5.442241525,0.0006083,0.028666076,0.117411413,bglP,gene:SMU_980,0.52931918,0.257562368
48,0.95040902,0.532138029,1.368680011,5.839079715,5.23714235,0.000778729,0.028666076,-0.110027844,feoA,gene:SMU_569,0.472520756,0.213403567
49,1.018367962,0.569202455,1.467533469,7.140188461,5.225645017,0.000789723,0.028666076,-0.149341093,cdd,gene:SMU_1122,0.462733962,0.229166075
50,1.436931307,0.802642637,2.071219976,8.581030577,5.221444032,0.000793782,0.028666076,-0.155986989,deoC,gene:SMU_1123,0.461082133,0.323616668
53,2.09680095,1.163329181,3.030272719,15.60410726,5.177231568,0.000837913,0.028666076,-0.229936112,RNaseP_bact_b,gene:EBG00001212976,0.442767908,0.476261107
61,-1.375241893,-1.995630206,-0.754853579,7.212257693,-5.109248884,0.000911093,0.028666076,-0.284852964,psaB,gene:SMU_1928,0.429264411,0.31652465
63,-0.904541419,-1.314348598,-0.494734241,8.490983986,-5.087336565,0.000936146,0.028666076,-0.313861832,dfrA,gene:SMU_947,0.42217239,0.209085295
73,-0.921361939,-1.349508972,-0.493214906,5.681397951,-4.959968326,0.001097517,0.029450686,-0.440339869,citC,gene:SMU_1010,0.391659988,0.218442364
80,1.307490096,0.679214125,1.935766067,12.82408501,4.796556137,0.001350535,0.031348305,-0.591253657,fbaA,gene:SMU_99,0.356347259,0.320548965
82,1.235857743,0.642497278,1.829218208,11.17205749,4.800555009,0.001343634,0.031348305,-0.595559732,ptsG,gene:SMU_2047,0.355360213,0.302734931
83,2.183413771,1.134614235,3.232213307,3.486633982,4.798274978,0.001347564,0.031348305,-0.598626894,ptcA,gene:SMU_1598,0.354657901,0.535101804
85,-0.993208841,-1.466748849,-0.519668833,8.58796768,-4.834209571,0.001287056,0.031249895,-0.629119119,comD,gene:SMU_1916,0.347710302,0.241602045
86,1.500659676,0.776512058,2.224807294,5.928406878,4.776355905,0.001385989,0.031589422,-0.681577219,sgaT,gene:SMU_270,0.335909375,0.369463071
90,-1.68522907,-2.507820949,-0.86263719,5.451762094,-4.721892529,0.001486724,0.032592297,-0.730573831,argD,gene:SMU_666,0.325068817,0.419689734
94,-0.925640429,-1.380275888,-0.471004969,8.669837323,-4.692676145,0.001544023,0.03283828,-0.81046665,trkH,gene:SMU_1709,0.307791064,0.231956867
95,-0.989276317,-1.47834791,-0.500204725,5.610597232,-4.662155433,0.001606453,0.032982297,-0.814378466,metB,gene:SMU_1675,0.306958257,0.249526323
96,-1.537482991,-2.294269193,-0.780696789,7.920662028,-4.682509734,0.00156452,0.03283828,-0.827967881,topA,gene:SMU_1002,0.304074922,0.386115409
100,-1.527558656,-2.287858742,-0.767258569,6.618867654,-4.630782994,0.001673496,0.032991834,-0.878843744,mvaA,gene:SMU_942,0.293417441,0.387908207
105,-1.542130925,-2.314325648,-0.769936203,7.971265752,-4.602947184,0.00173553,0.033244662,-0.931775132,nrdG,gene:SMU_667,0.282564718,0.393976899
106,2.309624581,1.140369686,3.478879476,5.938928533,4.552749656,0.001853802,0.03420977,-0.967334147,celR,gene:SMU_1599,0.275412182,0.59655862
107,-1.014369877,-1.527960499,-0.500779255,9.298495326,-4.552194744,0.001855157,0.03420977,-0.972338941,pyrA,gene:SMU_859,0.274414547,0.262036032
108,-0.943516739,-1.424547246,-0.462486233,5.626332344,-4.520834038,0.00193353,0.03420977,-0.998608906,ftsL,gene:SMU_454,0.269215015,0.245423728
109,1.228978099,0.605420093,1.852536105,8.587812696,4.54264562,0.00187865,0.03420977,-1.022611671,upp,gene:SMU_1673,0.264518991,0.31814184
113,1.605191483,0.7657349,2.444648065,14.57320502,4.407275323,0.00224879,0.036973855,-1.065073737,gapC,gene:SMU_360,0.256341052,0.428294175
123,-1.782049707,-2.734467338,-0.829632077,3.447848241,-4.312548197,0.002554475,0.037333173,-1.21125163,argB,gene:SMU_665,0.229479664,0.485927362
124,0.706503013,0.336391963,1.076614062,7.550199262,4.399704825,0.002271702,0.037041892,-1.21516476,proB,gene:SMU_449,0.228788482,0.188832168
129,1.747233961,0.800525251,2.69394267,11.89772914,4.253792135,0.00276646,0.038307047,-1.270222412,ptsH,gene:SMU_674,0.219219181,0.483014648
130,1.479170698,0.696077826,2.26226357,8.422593827,4.35358069,0.002416874,0.037333173,-1.277228231,acp,gene:SMU_1743,0.218022409,0.399537179
142,1.033868592,0.474107299,1.593629885,9.306295157,4.257003938,0.002754394,0.038307047,-1.383443709,rmlA,gene:SMU_1461,0.200456494,0.285592497
144,1.409381753,0.637649588,2.181113918,4.970859109,4.209239304,0.00293985,0.039213366,-1.392198589,bglB1,gene:SMU_981,0.199056997,0.3937409
151,0.827070945,0.371764472,1.282377419,9.973676423,4.186783594,0.003031656,0.039213366,-1.438599059,gbpA,gene:SMU_2112,0.191762386,0.232299221
153,0.755563306,0.344022792,1.16710382,8.467795446,4.231553502,0.002851586,0.038535472,-1.44746428,murF,gene:SMU_603,0.190392123,0.20996965
154,0.90336272,0.408207609,1.398517831,7.174061062,4.204965838,0.002957087,0.039213366,-1.477528675,mutT,gene:SMU_814,0.185800989,0.252630159
158,0.963156328,0.429712784,1.496599872,5.991785446,4.161499944,0.003138739,0.039213366,-1.501079634,bgl,gene:SMU_1601,0.182264555,0.272165073
159,0.726223308,0.326666271,1.125780346,8.612653607,4.189218117,0.003021555,0.039213366,-1.503634442,opuCd,gene:SMU_2119,0.181884085,0.203855631
162,1.535474169,0.681980019,2.388968318,9.37577961,4.146517859,0.003204111,0.039213366,-1.527217676,malX,gene:SMU_1568,0.178401138,0.435456199
164,1.288843886,0.560948613,2.016739159,10.48306736,4.081060102,0.003507426,0.040233439,-1.550518839,ccpA,gene:SMU_1591,0.175011344,0.371375139
167,1.001290777,0.441136211,1.561445343,6.123929523,4.119968633,0.003323584,0.039401038,-1.563288552,bcc,gene:SMU_1016,0.173175268,0.285793146
168,1.827216559,0.803320833,2.851112284,6.040169418,4.113162489,0.003354979,0.039401038,-1.565863804,ptcC,gene:SMU_1596,0.172806839,0.522395778
170,1.067907804,0.47358209,1.662233518,8.425239648,4.141434656,0.003226622,0.039213366,-1.571983397,scrR,gene:SMU_1844,0.171933827,0.303227405
172,-1.009110534,-1.572691208,-0.44552986,8.132367216,-4.126902626,0.003291925,0.039363439,-1.583059542,wapE,gene:SMU_1091,0.170362613,0.28754116
176,-1.308171016,-2.060541327,-0.555800705,3.049775294,-4.007508451,0.003885542,0.041663994,-1.605758963,arcC,gene:SMU_265,0.167178259,0.383862404
180,1.422210266,0.590534888,2.253885644,11.85940912,3.941409318,0.004262863,0.043156391,-1.68431139,pgm,gene:SMU_1077,0.156525413,0.424324172
181,-0.898119945,-1.408880627,-0.387359262,7.939393563,-4.052830648,0.003647649,0.040425439,-1.689897902,recJ,gene:SMU_1472,0.155789267,0.260592185
188,0.857599875,0.366041003,1.349158747,8.794283912,4.021154353,0.003812208,0.041663994,-1.733555962,bglA,gene:SMU_985,0.150133298,0.250795343
191,0.89042935,0.378477324,1.402381376,8.992138128,4.008775859,0.003878668,0.041663994,-1.74358051,scrA,gene:SMU_1841,0.148858714,0.261200013
195,-1.47565469,-2.343679977,-0.607629404,4.26922302,-3.918266219,0.004404117,0.04339466,-1.765668329,argJ,gene:SMU_664,0.146081842,0.442870044
203,1.023075675,0.423228876,1.622922474,6.982136153,3.931053799,0.004325458,0.043156391,-1.856904181,treA,gene:SMU_2037,0.135064303,0.306044285
212,-1.529824775,-2.437291848,-0.622357703,8.148347251,-3.885548985,0.004612435,0.044118002,-1.91392273,comE,gene:SMU_1917,0.128540795,0.462993404
216,-0.710303534,-1.132334634,-0.288272433,7.535262278,-3.879190365,0.004654135,0.044118002,-1.935153729,greA,gene:SMU_1728,0.126181237,0.21532199
217,-1.338407654,-2.138097261,-0.538718047,6.673520074,-3.857523085,0.004799288,0.044173998,-1.938805124,dinF,gene:SMU_121,0.125779185,0.408004902
219,1.180092624,0.476430017,1.883755231,8.681888768,3.865388914,0.00474604,0.044118002,-1.95639196,scrB,gene:SMU_1843,0.123858051,0.359011534
220,0.793229696,0.317863002,1.268596391,6.428401374,3.846022215,0.004878297,0.044173998,-1.959667609,rimM,gene:SMU_867,0.123503024,0.242534028
223,-0.83716146,-1.347327683,-0.326995238,4.636805438,-3.782153056,0.005343171,0.045439986,-1.967682641,lspA,gene:SMU_853,0.122638012,0.260288889
224,1.306085604,0.501458662,2.110712546,11.3442925,3.74126651,0.00566548,0.046517838,-1.976633856,oppA,gene:SMU_255,0.121678128,0.41052395
226,-0.835887562,-1.353062929,-0.318712196,2.622011114,-3.725217257,0.005797618,0.046517838,-1.980141878,mutG,gene:SMU_657,0.121303714,0.263864983
228,1.037154564,0.403208216,1.671100912,10.3632397,3.770791787,0.005430718,0.045868868,-1.988475349,dnaE,gene:SMU_1192,0.120418257,0.323442014
230,-1.435172992,-2.337236106,-0.533109878,0.607057279,-3.666983048,0.006305389,0.048786404,-1.995632718,Spd-sr37,gene:EBG00001213037,0.119662222,0.460236283
233,1.53442638,0.602219904,2.466632857,9.723902648,3.793809456,0.005254916,0.045439986,-2.000201277,apbE,gene:SMU_1088,0.119181791,0.475615549
236,0.961506513,0.383406791,1.539606235,8.67453121,3.83346095,0.004966186,0.044741027,-2.003578347,uvrB,gene:SMU_809,0.11882773,0.294948838
238,1.248211618,0.492802617,2.00362062,7.513670291,3.808444572,0.00514631,0.045328547,-2.040335113,pgsA,gene:SMU_2151,0.115032613,0.385412756
243,2.413906874,0.90697341,3.920840338,3.554113917,3.692053693,0.0060812,0.047611938,-2.055870819,ptcB,gene:SMU_1600,0.11346051,0.768843604
244,0.946572511,0.370320257,1.522824764,8.958849232,3.786019312,0.005313724,0.045439986,-2.062057258,malQ,gene:SMU_1565,0.11283972,0.294006252
248,2.048343469,0.781500518,3.315186419,9.985297502,3.726675483,0.005785477,0.046517838,-2.072822827,glgB,gene:SMU_1539,0.111766496,0.646348444
254,-0.929039832,-1.503455335,-0.35462433,8.037057438,-3.72777556,0.005776336,0.046517838,-2.152586572,pcrA,gene:SMU_1174,0.104089765,0.293069134
255,-0.824950283,-1.335528216,-0.31437235,7.945009453,-3.723979739,0.005807943,0.046517838,-2.16021382,cysD,gene:SMU_1173,0.10338063,0.260498945
256,-1.232388061,-1.997303536,-0.467472587,7.129685755,-3.713433144,0.005896733,0.046912318,-2.160284843,gid,gene:SMU_1003,0.103374047,0.390262997
257,-0.768901083,-1.254853164,-0.282949002,9.725822087,-3.646855875,0.006491746,0.049644246,-2.20331757,dltD,gene:SMU_1688,0.099452966,0.247934735
261,1.186700728,0.400643363,1.972758093,14.40156516,3.479593745,0.008287142,0.054501774,-2.245263097,dpr,gene:SMU_540,0.095758844,0.401049676
268,0.786400555,0.278924249,1.29387686,10.17412948,3.571655937,0.007241627,0.050677232,-2.287360871,gyrA,gene:SMU_1114,0.092175152,0.258916482
275,0.700591531,0.255290657,1.145892405,8.257704103,3.626209651,0.00668902,0.050179109,-2.310590318,feoB,gene:SMU_570,0.090249665,0.227194323
276,0.71298514,0.255389906,1.170580374,6.064234638,3.591208001,0.007038185,0.050677232,-2.31310197,aldR,gene:SMU_1308,0.090043659,0.233466956
277,-1.317960398,-2.162373749,-0.473547048,6.798240416,-3.597400942,0.006975021,0.050677232,-2.318557103,nusG,gene:SMU_1947,0.089597687,0.430823138
278,0.593630538,0.213315085,0.97394599,9.103029846,3.597607969,0.00697292,0.050677232,-2.329055804,aroC,gene:SMU_780,0.08874499,0.194038496
279,-0.83423387,-1.370078799,-0.29838894,8.825873972,-3.58831257,0.007067925,0.050677232,-2.336041873,pyrB,gene:SMU_858,0.088181652,0.27339027
283,1.091592759,0.390556883,1.792628634,7.619782553,3.588905116,0.007061828,0.050677232,-2.360954764,mleR,gene:SMU_135,0.086198959,0.357671365
287,0.739503081,0.262214848,1.216791313,8.831790845,3.571090321,0.007247605,0.050677232,-2.380367964,pepX,gene:SMU_395,0.08468204,0.243514404
289,0.851568592,0.301640776,1.401496409,7.441984026,3.569073745,0.007268959,0.050677232,-2.388583687,adcC,gene:SMU_1994,0.0840474,0.280575417
290,-0.976291189,-1.638229415,-0.314352963,12.90999814,-3.399409489,0.009328432,0.056112792,-2.394215851,spaP,gene:SMU_610,0.083614832,0.337723585
292,-1.482151918,-2.445963415,-0.518340422,7.013900419,-3.544395628,0.007535774,0.051446648,-2.400952847,pyrK,gene:SMU_1224,0.083100066,0.491740559
300,-0.640258217,-1.066348813,-0.214167621,4.908030012,-3.463337262,0.008487842,0.054961943,-2.436440683,citG,gene:SMU_1011,0.080435787,0.217393161
308,-1.314498815,-2.194476547,-0.434521083,5.697845314,-3.442945045,0.00874691,0.05549085,-2.500332058,tgt,gene:SMU_300,0.075834905,0.448968231
309,-1.198122459,-2.004979201,-0.391265717,10.04913427,-3.422522807,0.009014769,0.055931257,-2.503841587,rpoA,gene:SMU_2001,0.075589309,0.411661603
318,-0.547178361,-0.911318876,-0.183037846,7.591885604,-3.463390695,0.008487174,0.054961943,-2.543236466,rgpC,gene:SMU_827,0.072882182,0.185785977
320,0.580995785,0.193392605,0.968598966,8.64090923,3.454834311,0.008594864,0.055236697,-2.55803161,proA,gene:SMU_450,0.071888764,0.197756725
321,-0.701430446,-1.169737393,-0.233123498,8.035066524,-3.452197122,0.008628346,0.055271841,-2.559631869,livG,gene:SMU_1666,0.071782067,0.238932116
322,-0.81981838,-1.367890778,-0.271745982,8.300326618,-3.447635104,0.008686594,0.055464885,-2.560057356,htpX,gene:SMU_1929,0.071753722,0.279628775
323,-0.649946866,-1.086625469,-0.213268264,9.035364372,-3.430500731,0.008909111,0.055752083,-2.563230252,pbp2x,gene:SMU_455,0.071542678,0.222795206
324,-0.679147584,-1.135193915,-0.223101253,6.710114388,-3.432391108,0.008884268,0.055752083,-2.566201473,hemK,gene:SMU_1084,0.071345568,0.232676699
327,0.777352591,0.254839904,1.299865278,7.861436267,3.428962884,0.008929376,0.055752083,-2.599400319,adcA,gene:SMU_1302,0.069177025,0.266588106
329,-0.748315165,-1.253304803,-0.243325527,8.255031917,-3.415416357,0.009110003,0.056082652,-2.610003432,livM,gene:SMU_1667,0.068497385,0.257647774
340,-0.799609172,-1.3486682,-0.250550143,8.273164327,-3.356605514,0.009940182,0.058894835,-2.696472641,livH,gene:SMU_1668,0.063181819,0.280132157
346,1.744373493,0.474755332,3.013991654,1.445545584,3.166707324,0.013211106,0.066975035,-2.721543032,lacA,gene:SMU_1496,0.061714056,0.647764368
347,0.521939642,0.162272205,0.881607078,8.332744788,3.344727475,0.010117354,0.059586684,-2.726853408,recM,gene:SMU_598,0.061407271,0.183503794
348,-0.944498072,-1.607626849,-0.281369296,5.51499148,-3.282802652,0.011096566,0.062197513,-2.730616425,citZ,gene:SMU_671,0.061190742,0.338331008
349,0.679422489,0.209527759,1.149317219,8.705004035,3.332582563,0.010301957,0.06011226,-2.738463853,ung,gene:SMU_1215,0.060741484,0.239742209
351,0.949361678,0.28490253,1.613820827,9.580666929,3.293100508,0.01092704,0.061693815,-2.745524839,prs,gene:SMU_23,0.060339889,0.33900977
353,-0.717509149,-1.217878741,-0.217139557,6.752760207,-3.30505056,0.010733731,0.061158625,-2.756468193,comEB,gene:SMU_1849,0.059722389,0.255290608
354,0.793845673,0.231543441,1.356147905,10.06075528,3.253927324,0.011586858,0.063771209,-2.762153874,ackA,gene:SMU_1978,0.059403904,0.286888894
357,-0.72417761,-1.228695415,-0.219659805,7.779523595,-3.308340256,0.010681151,0.061083798,-2.774739315,pepP,gene:SMU_1850,0.058704578,0.257407043
358,-0.892337771,-1.514891839,-0.269783702,7.89764057,-3.303648054,0.010756231,0.061158625,-2.779908908,queA,gene:SMU_634,0.058419566,0.317629627
359,-0.632565703,-1.087632057,-0.177499349,10.73428669,-3.203852314,0.01249192,0.065724158,-2.782097335,opuAb,gene:SMU_1062,0.058299304,0.232176711
364,-0.668086131,-1.141449447,-0.194722814,9.145721661,-3.252965302,0.01160358,0.063771209,-2.821153088,covS,gene:SMU_1516,0.056191749,0.241511896
366,-0.586581788,-1.007384402,-0.165779174,9.926768141,-3.212859399,0.012323801,0.065362525,-2.827897353,clpX,gene:SMU_949,0.055835141,0.214695211
372,-0.886529305,-1.521768628,-0.251289983,5.99350344,-3.21660177,0.012254649,0.065170951,-2.853664109,hsdS,gene:SMU_892,0.054492224,0.324101695
376,0.838008904,0.222235636,1.453782171,10.97487931,3.136673943,0.01382432,0.068359358,-2.862185315,ppaC,gene:SMU_1687,0.05405485,0.314170034
389,0.624642526,0.171866803,1.077418249,5.944589761,3.179728134,0.012954178,0.066248216,-2.916061061,trpA,gene:SMU_538,0.051365294,0.231008022
391,-1.274554825,-2.191422837,-0.357686812,7.66895977,-3.204005655,0.012489038,0.065724158,-2.922106269,rl22,gene:SMU_2022,0.051071528,0.467789802
396,0.738707248,0.20663568,1.270778816,7.279849695,3.199955078,0.012565409,0.065760082,-2.936992885,oadB,gene:SMU_1017,0.050354877,0.271465086
398,-0.878454883,-1.513542454,-0.243367312,8.301409239,-3.188066867,0.012792396,0.066248216,-2.94716708,pyrE,gene:SMU_1221,0.049870574,0.324024271
400,0.816367569,0.215116684,1.417618454,9.927847421,3.129475738,0.013975677,0.068763117,-2.959575437,glgP,gene:SMU_1564,0.049285896,0.306760656
406,-0.826941223,-1.429406303,-0.224476143,7.060276173,-3.163620175,0.013272802,0.066975035,-2.976251423,fol,gene:SMU_839,0.04851036,0.307380143
412,1.018670627,0.269707793,1.767633461,9.275707516,3.134837912,0.013862762,0.068378076,-3.005659689,recU,gene:SMU_469,0.047170841,0.382123895
413,-1.054058902,-1.833626644,-0.27449116,9.292645953,-3.116395687,0.01425517,0.068934926,-3.007231218,rs13,gene:SMU_2003,0.047100258,0.397738644
419,-1.146452627,-1.993676127,-0.299229127,7.222036375,-3.11888739,0.014201479,0.068844027,-3.044882899,rs17,gene:SMU_2018,0.045438908,0.432256888
420,1.463309213,0.34312038,2.583498046,3.920466941,3.010831436,0.016736378,0.075910053,-3.054481146,lacC,gene:SMU_1494,0.045024403,0.571524915
421,-0.670137255,-1.169692507,-0.170582003,6.265953172,-3.091874141,0.014795024,0.070679376,-3.057131278,fic,gene:SMU_1207,0.044910592,0.254875129
424,0.682125724,0.176428319,1.187823129,8.990634248,3.108961018,0.014416636,0.069545286,-3.063139272,pfkB,gene:SMU_871,0.044653591,0.25800888
425,-0.940043134,-1.642634129,-0.237452139,9.068500748,-3.083804063,0.014977334,0.071205492,-3.072217339,if1,gene:SMU_2004,0.044267921,0.358464793
426,-0.624805921,-1.093756591,-0.15585525,5.969879756,-3.07085669,0.015274748,0.071754946,-3.073483867,dfp,gene:SMU_1075,0.044214367,0.239260546
427,0.942515363,0.214787023,1.670243704,3.555206684,2.985112641,0.017406591,0.076720613,-3.077228744,tracrRNA,gene:EBG00001213041,0.044056381,0.37128997
429,-0.960183504,-1.692024089,-0.228342919,10.14582366,-3.023982856,0.016404106,0.075032898,-3.090050402,lplA,gene:SMU_131,0.043519537,0.373388053
432,-0.601820658,-1.049545719,-0.154095598,7.823596078,-3.098113054,0.014655673,0.070354363,-3.093052933,opuBa,gene:SMU_1096,0.043394726,0.228431153
433,1.480075588,0.328348597,2.631802578,11.42005792,2.961937736,0.01803445,0.077557796,-3.093359595,pflA,gene:SMU_1692,0.043381998,0.587615812
434,-0.778370693,-1.380382455,-0.176358931,10.8609005,-2.980046722,0.017541868,0.076792356,-3.104539537,ftsH,gene:SMU_15,0.042920391,0.307148858
436,0.98781049,0.245491995,1.730128986,6.599155495,3.067078746,0.015362689,0.071996641,-3.115595796,msmR,gene:SMU_876,0.042468508,0.378733926
437,-1.10436384,-1.939848913,-0.268878766,6.204142294,-3.046597327,0.015848741,0.073575448,-3.117131602,rl29,gene:SMU_2019,0.042406098,0.426267895
441,-0.596216695,-1.047045563,-0.145387827,7.036196107,-3.048133535,0.015811733,0.073575448,-3.152380188,nusB,gene:SMU_1845,0.040997595,0.230014729
444,1.41039837,0.30245148,2.518345259,4.096247305,2.934029179,0.018821937,0.077852582,-3.176421249,lacD,gene:SMU_1493,0.040062738,0.565279025
445,-0.89163608,-1.56769187,-0.21558029,7.866012483,-3.039811622,0.016013293,0.073991165,-3.178127507,truA,gene:SMU_84,0.039997171,0.344926424
446,-0.539449791,-0.95031265,-0.128586932,6.833676982,-3.026186706,0.016349102,0.075032898,-3.180639841,potD,gene:SMU_976,0.039900815,0.209623908
448,-0.987435828,-1.802247535,-0.17262412,0.322857939,-2.793143152,0.023378217,0.089737787,-3.187660796,SMU_t38,gene:SMU_t38,0.039632718,0.415720259
449,1.532575116,0.34106023,2.724090002,10.05106409,2.964584757,0.01796156,0.077545202,-3.191941058,glgC,gene:SMU_1538,0.039470124,0.607915758
454,-1.210349714,-2.139101123,-0.281598305,8.253162737,-3.003675141,0.016920122,0.076001432,-3.221372492,rs3,gene:SMU_2021,0.038369312,0.47385276
457,0.648832584,0.143365388,1.15429978,9.750205108,2.958565919,0.018127744,0.077557796,-3.233219785,manA,gene:SMU_1839,0.037934564,0.257891426
460,0.937307654,0.216826848,1.657788461,8.562766215,2.998481143,0.017054798,0.076001432,-3.246340341,lytR,gene:SMU_576,0.037458615,0.367592248
461,-1.052819142,-1.905850802,-0.199787482,2.819538071,-2.84465889,0.021592547,0.085374941,-3.250698564,otcA,gene:SMU_262,0.037301794,0.435220235
462,-1.075232047,-1.904767583,-0.245696511,7.834537037,-2.987505948,0.01734306,0.076720613,-3.254456181,rl24,gene:SMU_2016,0.03716709,0.423232416
464,0.566271971,0.130321877,1.002222065,8.024484892,2.993848805,0.017175852,0.076324225,-3.256502696,pepQ,gene:SMU_1592,0.037093924,0.222423517
465,-0.837463944,-1.485178272,-0.189749616,7.980565727,-2.980054371,0.017541663,0.076792356,-3.269115802,pyrF,gene:SMU_1222,0.03664603,0.330466494
475,-0.513066182,-0.913439966,-0.112692398,8.129427328,-2.953584031,0.018266507,0.077557796,-3.31144554,pyrD,gene:SMU_595,0.03518062,0.204272339
476,0.503625623,0.10842475,0.898826496,9.167681038,2.937186319,0.018731088,0.077852582,-3.312961111,rmlB,gene:SMU_1457,0.035129214,0.201633098
477,-0.571137626,-1.019021731,-0.123253522,8.821339144,-2.939115794,0.018675791,0.077852582,-3.313670751,rpoD,gene:SMU_822,0.035105168,0.228512298
479,0.497780492,0.108129207,0.887431778,7.042427628,2.944444234,0.01852396,0.077852582,-3.31878125,trmD,gene:SMU_868,0.034932472,0.198801676
480,-0.509301117,-0.909205397,-0.109396837,8.715180524,-2.935351743,0.018783824,0.077852582,-3.325148719,covX,gene:SMU_1515,0.034718445,0.204032796
483,-0.722907098,-1.289530051,-0.156284145,7.736807955,-2.940559015,0.01863454,0.077852582,-3.330782438,gidA,gene:SMU_2141,0.034530136,0.289093343
486,-0.594381089,-1.061072502,-0.127689676,7.810359621,-2.935463924,0.018780595,0.077852582,-3.34036806,mraY,gene:SMU_456,0.034211994,0.238107864
489,0.509408933,0.108056206,0.910761661,7.327367543,2.925377471,0.019073248,0.078398997,-3.354235388,birA,gene:SMU_1578,0.033756744,0.2047718
491,1.565624127,0.303772339,2.827475916,9.95163998,2.85970169,0.02109817,0.084020293,-3.35881097,clpB,gene:SMU_1425,0.03360782,0.643801933
492,0.800187296,0.152153124,1.448221469,5.014839743,2.846002771,0.021547897,0.085369481,-3.359793035,lacR,gene:SMU_1498,0.033575938,0.33062968
495,0.604717133,0.11857682,1.090857446,9.605569745,2.867029826,0.02086159,0.08331967,-3.385134359,pyrC,gene:SMU_1214,0.032763297,0.248030772
496,-0.630393758,-1.132396673,-0.128390842,8.274051836,-2.89432462,0.02000431,0.081017504,-3.397595494,livF,gene:SMU_1665,0.032370696,0.256123936
497,1.684002907,0.295658974,3.07234684,10.57670569,2.795679257,0.023286838,0.089561271,-3.400240308,adhE,gene:SMU_148,0.032287955,0.708338741
499,-0.803247247,-1.447165055,-0.15932944,8.658344376,-2.875149185,0.020602671,0.082666766,-3.412039015,ftsW,gene:SMU_713,0.031921327,0.328529494
504,-0.966349852,-1.752134906,-0.180564797,9.48040035,-2.83447215,0.021934121,0.086035828,-3.422995556,rl3,gene:SMU_2025,0.031584475,0.400910742
505,-0.862622162,-1.554225877,-0.171018447,7.669357676,-2.874781678,0.020614318,0.082666766,-3.428536281,thiI,gene:SMU_842,0.031415441,0.352859038
507,-0.618863472,-1.11634401,-0.121382933,8.255386871,-2.867215446,0.020855633,0.08331967,-3.439718639,mutY,gene:SMU_1865,0.031076955,0.253816601
512,0.61986466,0.11586349,1.12386583,9.306969728,2.834698709,0.021926464,0.086035828,-3.459329789,pckA,gene:SMU_1389,0.03049184,0.257143454
516,-1.154702861,-2.09197743,-0.217428291,7.929898641,-2.839520327,0.021764157,0.085881363,-3.478264665,rl16,gene:SMU_2020,0.029937034,0.478201311
521,-1.403463169,-2.703615981,-0.103310357,-2.346996133,-2.487987501,0.03755854,0.117490336,-3.493237255,SSRC34,gene:EBG00001213025,0.029505265,0.663343271
528,0.887784865,0.152566365,1.623003365,6.217812351,2.783126101,0.023742774,0.090511971,-3.529569624,dagK,gene:SMU_1618,0.028482494,0.37511148
529,-0.80245883,-1.510538197,-0.094379463,1.662364804,-2.612055467,0.030955795,0.104624431,-3.530903731,mutE2,gene:SMU_656,0.028445601,0.361264983
533,0.657727011,0.1117319,1.203722123,9.340004766,2.776505238,0.023986943,0.091011998,-3.545450122,dnlJ,gene:SMU_1543,0.028046336,0.278568935
535,-1.079947348,-1.973670603,-0.186224093,8.462864222,-2.785101953,0.023670404,0.090507186,-3.549748975,rs11,gene:SMU_2002,0.027929388,0.455981252
536,-0.798905073,-1.494941524,-0.102868622,11.53044186,-2.645481744,0.029388066,0.101545804,-3.554734351,rpoC,gene:SMU_1989,0.027794357,0.355120638
539,0.847995112,0.147534118,1.548456106,8.649723114,2.790300435,0.023481084,0.089957628,-3.562086705,agaL,gene:SMU_877,0.027596371,0.357378058
542,-0.501322959,-0.91664347,-0.086002448,8.147633731,-2.782119557,0.023779728,0.090511971,-3.573032104,rgpG,gene:SMU_246,0.027304167,0.21189822
543,0.502164212,0.079718361,0.924610062,5.847341472,2.739783737,0.025388927,0.093981902,-3.57529466,acpP,gene:SMU_27,0.027244141,0.215533597
546,-0.59702709,-1.115145652,-0.078908528,3.929725887,-2.65586784,0.028917658,0.100803073,-3.58543029,rl33,gene:SMU_1610,0.02697681,0.264346205
547,-0.625885612,-1.154218946,-0.097552279,6.25161051,-2.730414176,0.025759965,0.0949989,-3.604946332,kitH,gene:SMU_1086,0.026469234,0.269557823
549,-1.009565616,-1.857424304,-0.161706928,7.068067734,-2.74443311,0.025206855,0.093788644,-3.611545791,pyrDB,gene:SMU_1223,0.026299706,0.432580963
556,0.625348719,0.101479559,1.149217879,8.323035382,2.751319372,0.024939648,0.093530291,-3.627746731,dacA,gene:SMU_253,0.025888,0.267280184
562,-0.98344042,-1.854871809,-0.112009031,11.12548836,-2.601096286,0.031488174,0.105403412,-3.650099069,rpoB,gene:SMU_1990,0.025330257,0.444607851
563,0.443746932,0.06757693,0.819916933,6.762279701,2.718897144,0.026223691,0.095156582,-3.652082726,mtlD,gene:SMU_1182,0.02528133,0.19192347
565,-0.468835497,-0.868075016,-0.069595978,6.578968354,-2.70662779,0.026727148,0.095808382,-3.658924661,leuD,gene:SMU_1381,0.025113276,0.203693632
569,-0.521452819,-0.967471046,-0.075434593,6.536060346,-2.694660073,0.027227789,0.096605658,-3.674833315,folA,gene:SMU_970,0.024726719,0.22756032
571,0.802523153,0.115698874,1.489347431,6.683783174,2.693106363,0.027293486,0.096605658,-3.688498484,galK,gene:SMU_886,0.024399311,0.35042055
579,-1.095104022,-2.035659099,-0.154548944,8.236071243,-2.683568687,0.027700358,0.097246985,-3.712510627,murZ,gene:SMU_1572,0.023834207,0.47987504
582,0.489019271,0.057085753,0.920952789,5.115453343,2.609459984,0.031081044,0.104774274,-3.723108741,aroK,gene:SMU_785,0.02358887,0.220374244
585,-0.735364514,-1.371329423,-0.099399605,7.405137894,-2.665085153,0.028506642,0.099899829,-3.744988083,dedA,gene:SMU_1918,0.023090154,0.324471892
589,-0.590892979,-1.105150844,-0.076635115,8.307772986,-2.648313913,0.02925902,0.101455267,-3.773182334,parC,gene:SMU_1204,0.022462655,0.262376461
591,-0.582644047,-1.095894927,-0.069393167,9.283120058,-2.616466536,0.030744114,0.104223602,-3.777784972,hlyX,gene:SMU_1693,0.022361812,0.261862694
595,1.429146285,0.151335825,2.706956745,9.869310345,2.577815436,0.032650313,0.106494321,-3.793958126,glgD,gene:SMU_1537,0.022010956,0.651944112
598,-0.628740621,-1.188720381,-0.06876086,5.931541157,-2.587859911,0.032143642,0.106204047,-3.803058185,idh,gene:SMU_672,0.021815914,0.285703959
601,-0.676853015,-1.272384398,-0.081321631,7.385672648,-2.619577723,0.030595701,0.103930567,-3.814596315,glyA,gene:SMU_1082,0.021571044,0.303842543
602,-0.603048192,-1.146264603,-0.059831781,9.788966637,-2.558707912,0.033636711,0.108323536,-3.824138221,pyrG,gene:SMU_97,0.021370572,0.27715123
604,0.440359322,0.05287881,0.827839833,8.105976083,2.619382394,0.030604997,0.103930567,-3.829086989,proC,gene:SMU_1974,0.021267319,0.197694138
605,1.701771712,0.165972975,3.237570449,9.823846803,2.553927521,0.033888199,0.108894816,-3.831373714,grpE,gene:SMU_81,0.021219773,0.783570784
609,0.960188362,0.00312001,1.917256714,15.30984618,2.312357915,0.049416265,0.134295166,-3.842186254,pfl,gene:SMU_402,0.02099636,0.48830018
613,-0.559270269,-1.057795161,-0.060745377,8.509337575,-2.585690015,0.032252415,0.106204047,-3.864163543,atpE,gene:SMU_1531,0.02054933,0.254349435
619,0.637134975,0.054138649,1.2201313,9.881740571,2.518878399,0.035791388,0.113531202,-3.885736479,pulA,gene:SMU_1541,0.020119592,0.297447105
621,0.532821211,0.037528036,1.028114386,10.3862692,2.479480721,0.038060521,0.117886039,-3.891934978,tkt,gene:SMU_291,0.019997752,0.252700599
623,-0.448518986,-0.852594536,-0.044443437,7.300472026,-2.558349263,0.033655513,0.108323536,-3.907986307,lmrB,gene:SMU_745,0.019685593,0.206160995
626,-0.658059824,-1.280480966,-0.035638683,10.9266657,-2.436815316,0.040682372,0.121707577,-3.909324734,pyrAB,gene:SMU_860,0.01965978,0.317561807
629,0.574403893,0.033805081,1.115002705,10.59545074,2.448972237,0.039917259,0.121008938,-3.916856007,clpC,gene:SMU_2029,0.019515152,0.27581572
630,-0.570977162,-1.101189674,-0.040764651,10.03450783,-2.482048938,0.03790826,0.117886039,-3.918310562,pepN,gene:SMU_1132,0.019487339,0.270516587
636,-0.736223127,-1.439411212,-0.033035042,10.98269465,-2.413123376,0.042216204,0.123821431,-3.940181119,rl19,gene:SMU_1288,0.019073808,0.358769431
641,-0.900899695,-1.724557423,-0.077241968,8.556188033,-2.52099066,0.035673677,0.113522845,-3.953089416,rl17,gene:SMU_2000,0.018833787,0.420233535
643,-0.536727462,-1.044130368,-0.029324556,4.895749239,-2.43804906,0.040604054,0.121707577,-3.96529125,glrA,gene:SMU_1035,0.018609628,0.258879034
650,0.603524215,0.034342285,1.172706146,10.13084299,2.443909783,0.040234092,0.121008938,-3.972218385,trxA,gene:SMU_1869,0.018483536,0.290398944
651,0.488733699,0.031932069,0.945535328,9.770237868,2.46596106,0.038872309,0.119649088,-3.97688382,pbpX,gene:SMU_889,0.018399086,0.233062056
653,0.790306204,0.066402733,1.514209674,7.958011832,2.516264593,0.035937594,0.113629604,-3.985700063,msmE,gene:SMU_878,0.018240534,0.369338505
657,1.783556916,-0.201175802,3.768289634,-3.169740084,2.071221367,0.071991425,0.168692496,-4.002953306,CRISPR-DR22,gene:EBG00001213043,0.017934121,1.012618734
661,-1.007083783,-1.965662053,-0.048505513,9.955782485,-2.42147281,0.041669119,0.123258128,-4.010677158,rl1,gene:SMU_1626,0.01779859,0.489070546
675,-0.540515936,-1.05021319,-0.030818682,6.624646452,-2.444205869,0.040215492,0.121008938,-4.059235067,ylmG,gene:SMU_555,0.016969291,0.26004962
677,0.670762785,0.028099335,1.313426235,9.841122415,2.40561948,0.042714053,0.124666903,-4.060720217,ptnC,gene:SMU_1878,0.016944534,0.327889516
679,1.151042634,0.053121334,2.248963934,5.802223179,2.416360753,0.042003226,0.123821431,-4.061612961,asd,gene:EBG00001213030,0.01692967,0.560163929
680,-0.790040126,-1.576009024,-0.004071228,11.23885674,-2.316783028,0.049075669,0.133553512,-4.06223117,adhD,gene:SMU_130,0.016919384,0.40100454
681,0.490446678,0.031539428,0.949353929,8.20346135,2.463249776,0.039037203,0.119956982,-4.067757315,budC,gene:SMU_1322,0.016827712,0.234136352
691,0.829294003,0.048236124,1.610351882,7.52546321,2.447185445,0.040028797,0.121008938,-4.08623768,malF,gene:SMU_1569,0.016524677,0.398498918
692,-0.490356842,-0.970732907,-0.009980776,10.27755187,-2.352731962,0.046394293,0.130765628,-4.090483903,opuAa,gene:SMU_1063,0.016455811,0.245089829
693,1.808870987,0.088250004,3.52949197,9.026694651,2.423058795,0.041566009,0.123258128,-4.092028885,pdhD,gene:SMU_1424,0.016430824,0.877867848
695,-0.856629148,-1.679873027,-0.033385269,6.052078055,-2.398313276,0.043204461,0.125135277,-4.0946346,cah,gene:SMU_1595,0.016388767,0.420022387
696,-0.83604079,-1.656380878,-0.015700701,10.20403916,-2.348957211,0.046668814,0.131055305,-4.100711911,rl11,gene:SMU_1627,0.016291087,0.418540862
700,1.295424152,-0.010293217,2.60114152,11.00381955,2.286674678,0.051440163,0.138075166,-4.122883353,glgA,gene:SMU_1536,0.015939558,0.666182331
701,0.451974867,0.02131366,0.882636075,7.174842804,2.418912205,0.041836135,0.123566909,-4.123969403,era,gene:SMU_1617,0.015922532,0.219725106
704,1.38076236,-0.039687554,2.801212273,2.535579123,2.240446557,0.055293225,0.143167366,-4.133219964,lacF,gene:SMU_1492,0.015778232,0.724719343
709,0.820724961,0.032523676,1.608926247,7.100719174,2.399949357,0.043094154,0.125135277,-4.150993706,sloR,gene:SMU_186,0.015504581,0.402143513
711,0.506558174,-0.013765514,1.026881861,11.40041042,2.243867994,0.05499848,0.142778948,-4.155549545,pknB,gene:SMU_484,0.015435193,0.265471269
713,-0.5856186,-1.151675589,-0.019561611,6.945010754,-2.384494249,0.044147554,0.126972483,-4.160043641,rf1,gene:SMU_1085,0.015367045,0.288804586
714,-0.541564307,-1.077027808,-0.006100806,5.489236046,-2.331104454,0.047989364,0.132818253,-4.164133865,pth,gene:SMU_07,0.015305279,0.273195664
720,1.211767168,-0.295390184,2.718924521,-5.441356439,1.853114094,0.1008856,0.209890815,-4.189782609,LSU_rRNA_bacteria,gene:EBG00001212947,0.014923493,0.768957833
724,0.737211577,0.005764118,1.468659036,6.016617861,2.323007357,0.048600556,0.133553512,-4.216662116,lacG,gene:SMU_1490,0.014533453,0.373187479
728,-0.457618426,-0.912776293,-0.002460559,6.151576845,-2.317304066,0.04903572,0.133553512,-4.226715714,bglC,gene:SMU_983,0.014390163,0.232223402
730,0.541617587,-0.004885721,1.088120894,5.360804549,2.284238973,0.05163634,0.138075166,-4.228827011,cilG,gene:SMU_1019,0.014360249,0.278828218
733,-0.924447832,-1.834817027,-0.014078636,7.761873308,-2.340488051,0.047290673,0.131972415,-4.24260415,rl14,gene:SMU_2017,0.014166546,0.464474079
735,-0.426164488,-0.862709185,0.01038021,4.88386028,-2.250039351,0.054470776,0.142226475,-4.244793969,ssb2,gene:SMU_1967,0.014135996,0.222726886
736,-0.625134661,-1.245541271,-0.004728052,8.900527277,-2.322409171,0.048646016,0.133553512,-4.246714089,exoA,gene:SMU_1649,0.014109262,0.316533984
738,1.285424363,-0.055337608,2.626186335,10.83817033,2.209715783,0.058011767,0.147877541,-4.249815736,hrcA,gene:SMU_80,0.014066182,0.68406223
739,0.539810402,0.007640765,1.07198004,7.627929478,2.337936604,0.047479637,0.132312604,-4.25278951,fpg,gene:SMU_1614,0.014025001,0.271515121
741,-0.475574843,-0.945644744,-0.005504942,7.736604956,-2.331836001,0.047934525,0.132818253,-4.261218586,dltC,gene:SMU_1689,0.013908917,0.239831582
742,0.732230719,-0.036572971,1.501034409,3.84187884,2.195199826,0.0593415,0.150489433,-4.261233292,bglB2,gene:SMU_982,0.013908715,0.392246781
744,0.432089896,0.002309257,0.861870536,7.220210042,2.317228372,0.049041522,0.133553512,-4.278780205,tagI,gene:SMU_2087,0.013670096,0.219275837
747,0.523404604,-0.030254445,1.077063654,10.91648261,2.178897045,0.06087084,0.152602429,-4.28721644,nrdD,gene:SMU_2074,0.013556814,0.282479107
748,1.309502457,-0.13250023,2.751505144,12.69636064,2.093060694,0.069585736,0.165412839,-4.288160709,dnaK,gene:SMU_82,0.013544192,0.735715657
752,-0.770836329,-1.548402709,0.00673005,6.796041471,-2.284895143,0.051583417,0.138075166,-4.303210392,thyA,gene:SMU_944,0.013344582,0.396717541
762,-0.494638735,-1.000133036,0.010855567,9.180301767,-2.255347322,0.054020923,0.141921813,-4.33268554,syfB,gene:SMU_1510,0.012962013,0.257905256
767,0.433971814,-0.029508474,0.897452101,10.62464208,2.158101314,0.062878191,0.154879738,-4.344378368,pgi,gene:SMU_307,0.012813264,0.236469535
768,0.786695328,-0.019215942,1.592606598,9.306578041,2.249888087,0.05448365,0.142226475,-4.34602667,lytS,gene:SMU_577,0.012792431,0.411179219
772,0.378538391,-0.005969834,0.763046616,7.400873181,2.269059431,0.052875832,0.140032238,-4.354249842,rnh,gene:SMU_994,0.012688997,0.196177666
773,0.884582695,-0.073573641,1.842739031,10.99244154,2.127862873,0.065913759,0.159962767,-4.355120313,dnaJ,gene:SMU_83,0.012678096,0.488855274
775,0.666500607,-0.022840804,1.355842018,9.508724682,2.228474938,0.056336927,0.144918848,-4.359857187,rpoE,gene:SMU_96,0.01261894,0.351704802
779,-0.757928777,-1.578900558,0.063043005,3.972411494,-2.127853581,0.065914713,0.159962767,-4.369943342,sfp,gene:SMU_1334,0.012493885,0.418863154
781,-0.610158645,-1.234075247,0.013757957,7.497699214,-2.254020184,0.054133052,0.142027275,-4.372632724,csbB,gene:SMU_2067,0.012460748,0.318324797
782,-0.827412531,-1.740715997,0.085890936,3.016586487,-2.088086866,0.070126618,0.165982865,-4.373964125,nrgA,gene:SMU_1658,0.012444375,0.465971156
783,-0.506189998,-1.028009218,0.015629221,6.679794544,-2.235810867,0.055695076,0.14345481,-4.375609032,pstC,gene:SMU_1136,0.012424176,0.266234296
785,-0.501887524,-1.026335591,0.022560543,9.450113571,-2.205695133,0.058377099,0.148616797,-4.385563831,ylmF,gene:SMU_554,0.012302623,0.267575545
786,-0.45315181,-0.918987607,0.012683987,7.301096486,-2.242086867,0.055151723,0.142988632,-4.386593871,murG,gene:SMU_549,0.012290113,0.237671325
787,-0.38530696,-0.780760216,0.010146295,8.336366558,-2.245707932,0.054840621,0.142556712,-4.386768713,galE,gene:SMU_888,0.012287991,0.201761865
791,-0.482658972,-0.992037964,0.02672002,9.72000295,-2.183941132,0.060393551,0.151946138,-4.393991134,atpG,gene:SMU_1533,0.012200641,0.259887241
793,-0.401684988,-0.824607826,0.021237849,9.635340033,-2.189102206,0.059909015,0.151345054,-4.395925222,sys,gene:SMU_1886,0.012177353,0.215776958
796,0.417892692,-0.038926696,0.874712081,10.76577978,2.108442796,0.067938698,0.163467135,-4.40321587,ilvB,gene:SMU_231,0.012089965,0.233071117
798,1.234453724,-0.151902562,2.620810011,2.590704239,2.052303247,0.07414078,0.171851057,-4.407863384,lacB,gene:SMU_1495,0.012034582,0.707324636
800,0.45179693,-0.053003745,0.956597605,3.079145693,2.062837048,0.072936397,0.169897888,-4.418136234,comF,gene:SMU_498,0.01191305,0.257551365
801,0.719322353,-0.042748735,1.481393441,9.683494933,2.175552885,0.061189325,0.152602429,-4.420855114,fruA,gene:SMU_78,0.011881088,0.38881178
803,-0.670157948,-1.402468011,0.062152115,10.46320951,-2.109229052,0.067855543,0.163466405,-4.432262555,dltA,gene:SMU_1691,0.011747909,0.373627583
813,-0.599217131,-1.231734,0.033299738,7.468727356,-2.183502443,0.060434914,0.151946138,-4.477379243,nylA,gene:SMU_1218,0.011235484,0.322712688
816,0.448056419,-0.024945552,0.92105839,8.078259501,2.183289504,0.060455002,0.151946138,-4.48927609,galT,gene:SMU_887,0.011104084,0.241327536
819,0.459618186,-0.029050261,0.948286633,7.010720852,2.167826297,0.061931474,0.153699118,-4.496351347,kthY,gene:SMU_1663,0.011026661,0.249320636
824,1.036213689,-0.143596395,2.216023774,11.02237248,2.024318273,0.077435212,0.177444451,-4.502027876,cysK,gene:SMU_496,0.010964929,0.601943921
826,-0.56788301,-1.173427952,0.037661933,7.374559377,-2.161494168,0.062546292,0.154835426,-4.507792412,vacB,gene:SMU_1607,0.01090259,0.308951501
827,-0.487511089,-1.013433099,0.03841092,6.379736748,-2.136509001,0.065031388,0.158403615,-4.509304799,hsdM,gene:SMU_891,0.010886293,0.268327556
829,0.75825941,-0.050800814,1.567319634,7.430535583,2.160123255,0.06268019,0.154879738,-4.517494543,msmF,gene:SMU_879,0.01079846,0.412785828
830,-0.577006872,-1.209030654,0.05501691,9.540705435,-2.104210286,0.068388049,0.163840949,-4.525767134,atpC,gene:SMU_1529,0.01071045,0.322461113
831,0.380269549,-0.027899884,0.788438982,7.121416996,2.147299612,0.06394643,0.156533879,-4.530144056,rnpA,gene:SMU_336,0.010664173,0.208249711
833,-0.692229905,-1.485004667,0.100544856,3.923373149,-2.012528854,0.07886525,0.179213035,-4.533340665,argC,gene:SMU_663,0.0106305,0.404476919
834,0.597564159,-0.060087802,1.255216121,5.678327055,2.094257096,0.069456242,0.16530418,-4.533548055,treR,gene:SMU_2040,0.010628319,0.335536715
835,-0.475182211,-0.993600239,0.043235817,9.329153455,-2.112621289,0.067497919,0.163137285,-4.533652952,ylmH,gene:SMU_556,0.010627216,0.264498994
837,-0.468261525,-0.971767277,0.035244227,8.10983752,-2.143510489,0.06432537,0.157110244,-4.541866599,tyrS,gene:SMU_1992,0.010541201,0.25689069
844,0.655805377,-0.059849493,1.371460248,7.156287499,2.112092411,0.067553554,0.163137285,-4.584020614,purE,gene:SMU_50,0.010110482,0.365130036
845,-0.377277874,-0.790905164,0.036349416,8.792135096,-2.10229533,0.068592308,0.163840949,-4.586034031,ilvA,gene:SMU_234,0.010090351,0.211034332
847,-0.73871176,-1.548035901,0.07061238,8.444043416,-2.103749822,0.06843711,0.163840949,-4.587942319,rl5,gene:SMU_2015,0.010071308,0.41292048
851,-0.457669441,-0.98427796,0.068939077,10.11600364,-2.00311374,0.080025644,0.180859788,-4.61997164,dexA,gene:SMU_2042,0.00975694,0.268677815
852,0.363394148,-0.037427561,0.764215858,8.654065212,2.089624577,0.069958961,0.165982865,-4.621175613,bccP,gene:SMU_1738,0.009745314,0.204500872
858,-1.074070016,-2.268407376,0.120267344,7.680516245,-2.072751076,0.071820309,0.168491641,-4.638474146,glpF,gene:SMU_396,0.009579785,0.609355796
859,-0.34163542,-0.722251131,0.038980292,7.144905365,-2.068796406,0.072263501,0.169129167,-4.640032145,lepC,gene:SMU_1874,0.009565014,0.19419169
862,0.376928688,-0.045539108,0.799396484,8.92221318,2.056397929,0.07367033,0.171203252,-4.658313989,recN,gene:SMU_585,0.009393364,0.215544794
864,-0.629044916,-1.373754121,0.115664289,4.491464566,-1.94686801,0.087309285,0.191920347,-4.659726814,smpB,gene:SMU_1606,0.009380227,0.379953676
869,-0.400744595,-0.857549914,0.056060724,6.217371846,-2.021985775,0.077716129,0.177881581,-4.668443589,ipk,gene:SMU_1996,0.009299574,0.233063938
872,-0.506883898,-1.088573385,0.07480559,6.077432167,-2.008439963,0.079367181,0.17957735,-4.677935932,rpiB,gene:SMU_2142,0.009212526,0.296780351
877,-0.664751937,-1.42396009,0.094456215,8.950118093,-2.018089034,0.078187646,0.178546557,-4.693746142,ftsE,gene:SMU_1325,0.00906933,0.387351098
880,-0.474575435,-1.021276859,0.07212599,9.225951234,-2.000767492,0.080317378,0.181104213,-4.70576404,clpP,gene:SMU_1672,0.008961959,0.278929298
881,0.888395372,-0.244991576,2.021782321,12.40176186,1.806631817,0.108339836,0.218339628,-4.707046257,phsG,gene:SMU_1535,0.008950578,0.578258647
882,-0.38481353,-0.836587148,0.066960088,9.793421502,-1.963229367,0.085127077,0.189352563,-4.710463409,dnaG,gene:SMU_821,0.008920317,0.230496744
883,0.367390498,-0.0516361,0.786417095,8.789127551,2.020821262,0.077856749,0.177996947,-4.716862285,scrK,gene:SMU_1840,0.008863924,0.21378908
889,0.406140868,-0.061417862,0.873699599,6.841785249,2.002083084,0.08015367,0.180941865,-4.733019948,hisH,gene:SMU_1266,0.008723094,0.238550373
890,-0.363201615,-0.779272992,0.052869762,7.936999901,-2.011970019,0.078933668,0.179213035,-4.737867519,acpS,gene:SMU_1835,0.008681277,0.212281315
891,-0.600589776,-1.292746821,0.091567269,8.326166939,-1.999930323,0.080421721,0.181132483,-4.746387634,atpA,gene:SMU_1527,0.008608259,0.35314135
895,-0.519099706,-1.159504556,0.121305145,10.63801615,-1.868261844,0.098563376,0.207540598,-4.760465616,atpD,gene:SMU_1530,0.008488943,0.326737168
896,0.519845854,-0.079809988,1.119501696,8.360139077,1.998085599,0.080652107,0.181237594,-4.762329977,recF,gene:SMU_2156,0.008473265,0.305946858
897,-0.751901885,-1.637126486,0.133322716,9.1601423,-1.957714118,0.085856744,0.18985722,-4.765139437,mscL,gene:SMU_819,0.008449694,0.451645205
898,0.540454043,-0.087192674,1.16810076,7.3745046,1.984655275,0.082348758,0.184622872,-4.774805108,dapB,gene:SMU_900,0.008369096,0.320227917
901,-0.630107795,-1.454682029,0.194466439,2.191638122,-1.761272956,0.116112613,0.230010227,-4.781386683,comEA,gene:SMU_625,0.008314651,0.42070114
902,0.494803436,-0.119819936,1.109426807,10.58445178,1.855518163,0.100513604,0.209855387,-4.781724765,kguA,gene:SMU_478,0.008311864,0.313583353
903,0.599052008,-0.112830542,1.310934559,6.064001505,1.939535597,0.088304621,0.193583353,-4.784026239,dam,gene:SMU_504,0.008292915,0.363205383
909,-0.534963748,-1.174230274,0.104302777,9.256200599,-1.928785638,0.0897836,0.196279501,-4.805477016,uvrA,gene:SMU_1851,0.008118349,0.326156391
910,0.317341713,-0.055656768,0.690340194,7.713552261,1.960928114,0.085430803,0.189717462,-4.812565353,rmlC,gene:SMU_1460,0.008061469,0.190305347
912,0.404131372,-0.071016592,0.879279336,7.769224682,1.960357447,0.085506283,0.189717462,-4.813843586,sygA,gene:SMU_445,0.008051254,0.242422431
916,0.516590652,-0.094395244,1.127576549,7.739552589,1.948753606,0.087055074,0.191920347,-4.830320552,holB,gene:SMU_1662,0.007920723,0.311727498
918,-0.3632038,-0.793280679,0.066873079,8.121070631,-1.946461701,0.087364156,0.191920347,-4.831265908,syfA,gene:SMU_1512,0.007913298,0.219426979
920,-0.386696218,-0.848872474,0.075480038,6.84311416,-1.928429955,0.089832939,0.196279501,-4.833886146,pstS,gene:SMU_1138,0.007892754,0.235804212
925,0.679557032,-0.13449754,1.493611603,7.014461441,1.924039417,0.090444124,0.196743392,-4.853662422,malG,gene:SMU_1570,0.007739394,0.415333965
926,-0.395911568,-0.874810131,0.082986996,6.619513432,-1.905444181,0.093077136,0.200044868,-4.858131384,pstC1,gene:SMU_1137,0.00770515,0.244336002
928,-0.355319173,-0.780808284,0.070169938,7.561063324,-1.924738645,0.090346522,0.196743392,-4.861082928,murC2,gene:SMU_1429,0.007682616,0.217086281
930,0.738274529,-0.15525453,1.631803589,6.690091722,1.904367574,0.093231805,0.200159251,-4.867305077,coaA,gene:SMU_1126,0.007635326,0.455882173
931,0.526888702,-0.106116632,1.159894036,7.778088743,1.91846151,0.091226348,0.197790752,-4.874339722,cilA,gene:SMU_1021,0.007582208,0.322961905
935,0.640406856,-0.13034994,1.411163653,8.001047549,1.915050292,0.091707914,0.19839881,-4.881858863,gldA,gene:SMU_495,0.007525838,0.393243264
936,-0.360664051,-0.801485648,0.080157546,9.106587387,-1.885738928,0.09594728,0.203552671,-4.881965914,ylmE,gene:SMU_553,0.007525038,0.224908978
939,-0.372097851,-0.830432852,0.08623715,6.19425177,-1.871180625,0.098121795,0.207274414,-4.883762309,licT,gene:SMU_977,0.007511634,0.233844388
941,0.443343294,-0.094252535,0.980939123,7.012637826,1.900753623,0.093752798,0.20105899,-4.886268866,adcB,gene:SMU_1993,0.00749297,0.274283586
944,0.551725804,-0.145221207,1.248672815,5.335261244,1.824589245,0.105400294,0.214961892,-4.89348944,lacE,gene:SMU_1491,0.007439462,0.35558521
945,-0.632183864,-1.461520535,0.197152807,10.83977371,-1.756928597,0.116883931,0.231305913,-4.895746606,adhC,gene:SMU_129,0.007422814,0.423130955
946,0.73695154,-0.158492806,1.632395886,8.754139878,1.896888948,0.094313015,0.202040801,-4.898517156,msmK,gene:SMU_882,0.007402429,0.45685936
949,-0.629236943,-1.39758673,0.139112843,8.525327769,-1.887542816,0.095681063,0.20346408,-4.901543327,rs5,gene:SMU_2009,0.007380227,0.392015197
950,-0.405244951,-0.899137422,0.08864752,7.306417474,-1.8911535,0.095150314,0.203172695,-4.901800038,apt,gene:SMU_1467,0.007378346,0.251985954
951,-0.506769739,-1.215683003,0.202143526,1.780365057,-1.647627929,0.137933693,0.260424091,-4.902467763,smf,gene:SMU_1001,0.007373458,0.361690441
954,-0.641524449,-1.476464568,0.193415671,10.49779927,-1.770922095,0.114416494,0.227793888,-4.908869111,gapN,gene:SMU_676,0.007326753,0.425989857
956,-0.355044578,-0.788511244,0.078422087,8.374366933,-1.88785552,0.095634986,0.20346408,-4.911285715,efp,gene:SMU_1847,0.007309198,0.221156462
958,-0.681936659,-1.517412409,0.153539091,7.469365483,-1.881272742,0.096609443,0.204737306,-4.917601652,thiD,gene:SMU_85,0.007263513,0.426263138
961,-0.649116875,-1.454972711,0.156738961,6.773201994,-1.856552001,0.100354033,0.209744182,-4.930825973,citB,gene:SMU_670,0.007168774,0.411150937
963,-0.404661141,-0.901700291,0.09237801,7.820117266,-1.876473677,0.097325815,0.206034156,-4.933056462,sapR2,gene:SMU_1919,0.007152917,0.253591404
965,0.486738265,-0.11324555,1.086722081,8.549584745,1.869810218,0.098328888,0.20734867,-4.943519022,lguL,gene:SMU_1603,0.007078996,0.306114191
967,0.644583595,-0.150985758,1.440152947,7.718366263,1.867423319,0.098690585,0.207586913,-4.946525422,msmG,gene:SMU_880,0.007057896,0.405902731
968,-0.623258164,-1.395837472,0.149321143,8.260235435,-1.85937282,0.099919869,0.209116753,-4.949536276,rl18,gene:SMU_2010,0.007036827,0.394173116
971,0.444162822,-0.109965423,0.998291066,6.816974978,1.847453391,0.101766684,0.21049039,-4.953749792,cilB,gene:SMU_1020,0.007007447,0.282718492
973,-0.328124568,-0.751326831,0.095077696,9.845892256,-1.787032047,0.111636432,0.223505425,-4.954824243,smc,gene:SMU_1513,0.006999974,0.215919522
974,-0.402406776,-0.904583448,0.099769895,8.780507135,-1.846929531,0.101848591,0.21049039,-4.955052361,nusA,gene:SMU_418,0.006998389,0.256212588
977,-0.350267237,-0.787472463,0.086937989,8.689790899,-1.846527358,0.101911514,0.21049039,-4.960722676,murC,gene:SMU_1731,0.006959093,0.223063891
978,-0.456385198,-1.024392394,0.111621998,8.240455976,-1.851907484,0.101072798,0.209912243,-4.963332939,trcF,gene:SMU_08,0.006941078,0.28979959
979,-0.654069461,-1.54414578,0.236006859,11.01464276,-1.693706675,0.128664029,0.248146753,-4.965185665,rs1,gene:SMU_1200,0.006928319,0.454120571
980,-0.31751308,-0.722037273,0.087011113,9.411732073,-1.80908384,0.107933936,0.217744025,-4.96655777,opuBc,gene:SMU_1095,0.006918885,0.206389894
983,-0.324719825,-0.731896476,0.082456826,7.150262992,-1.838093134,0.103239642,0.212621935,-4.972914417,folK,gene:SMU_971,0.006875345,0.207743189
984,-0.299560099,-0.673213003,0.074092805,7.671294598,-1.847809424,0.101711053,0.21049039,-4.973048742,aroD,gene:SMU_777,0.006874428,0.190639237
986,-0.318184533,-0.731998034,0.095628968,9.837031084,-1.772213265,0.114191304,0.227575196,-4.976304331,trkA,gene:SMU_1708,0.006852237,0.211129337
987,0.50851035,-0.130557082,1.147577782,6.948402078,1.833980378,0.103893209,0.213522189,-4.978785235,grk,gene:SMU_1252,0.006835374,0.326054812
988,0.433508209,-0.153631789,1.020648206,10.68138445,1.701755774,0.127105174,0.246664514,-4.982698013,pgk,gene:SMU_361,0.006808863,0.299561223
990,-0.530626347,-1.227692628,0.166439934,9.956697982,-1.754511861,0.117315084,0.231694355,-4.985692842,syv,gene:SMU_1770,0.00678864,0.355646062
991,-0.435926085,-0.995178776,0.123326605,9.306408877,-1.796579127,0.110019024,0.221271696,-4.990801326,nifS,gene:SMU_249,0.006754283,0.285333005
992,0.937623863,-1.064131357,2.939379083,-5.054368423,1.079591002,0.311706569,0.451539692,-4.993486935,LSU_rRNA_bacteria,gene:EBG00001213002,0.00673629,1.021303684
993,-0.319185252,-0.721819532,0.083449028,8.247834047,-1.827147645,0.104987685,0.214961892,-5.000222556,murM,gene:SMU_717,0.006691372,0.205425653
997,0.381379272,-0.101833936,0.864592481,8.733642675,1.819113776,0.106288517,0.215665528,-5.008561439,purN,gene:SMU_35,0.006636174,0.246537351
999,0.450787724,-0.118647537,1.020222985,8.36419842,1.824606839,0.105397451,0.214961892,-5.010572055,pfl2,gene:SMU_493,0.006622933,0.290528194
1003,1.094100642,-0.526563382,2.714764667,12.68903808,1.555986609,0.158213846,0.287356767,-5.016072983,clp,gene:SMU_956,0.00658684,0.8268694
1005,0.749548207,-0.380012788,1.879109201,13.06613971,1.52943652,0.164575014,0.295159621,-5.022674791,groEL,gene:SMU_1954,0.006543781,0.57630663
1008,0.467235416,-0.129178026,1.063648858,8.441305807,1.805634753,0.108505298,0.218449952,-5.036325531,amyA,gene:SMU_1590,0.006455634,0.304292573
1009,-0.335027406,-0.781000859,0.110946046,9.781241404,-1.73146175,0.121502701,0.23805842,-5.037954101,pmgY,gene:SMU_596,0.006445196,0.227537476
1010,0.679906057,-0.194813199,1.554625312,8.900784955,1.791520561,0.110873247,0.222536028,-5.040317818,gtfA,gene:SMU_881,0.006430078,0.446285335
1012,0.50586038,-0.220483182,1.232203942,3.101349277,1.605203687,0.147007312,0.273627762,-5.048727799,Bacteria_small_SRP,gene:EBG00001213011,0.006376571,0.37058345
1017,-0.376171368,-0.881548595,0.129205859,5.571949423,-1.715582638,0.124468218,0.242903852,-5.058433696,metC,gene:SMU_1674,0.006315369,0.257845524
1019,0.286188514,-0.082998477,0.655375506,7.97633903,1.786682504,0.111696072,0.223505425,-5.062669549,ascB,gene:SMU_1102,0.006288842,0.18836071
1022,-0.379212148,-1.016767878,0.258343582,0.183052121,-1.370899641,0.207526536,0.343680373,-5.096800071,mutE1,gene:SMU_655,0.006079105,0.325283536
1024,0.455290205,-0.157516861,1.06809727,6.13509672,1.71240354,0.125069971,0.243648248,-5.106406528,citG2,gene:SMU_1022,0.006021336,0.312656666
1025,-0.276989676,-0.645393231,0.091413879,8.929044497,-1.732931292,0.121231611,0.23781579,-5.10928806,rgpD,gene:SMU_828,0.006004115,0.187960997
1026,-0.357585248,-0.845120395,0.129949899,9.608097795,-1.690500246,0.129289934,0.248624796,-5.110617177,ftsX,gene:SMU_1324,0.005996188,0.248742422
1030,0.357557824,-0.15332361,0.868439258,4.488433567,1.61312395,0.145272954,0.271321541,-5.11683727,trpG,gene:SMU_533,0.005959228,0.260653793
1031,-0.419992739,-0.976035188,0.136049711,7.477368301,-1.740906345,0.11977025,0.235877282,-5.117594397,murD,gene:SMU_548,0.005954745,0.283695127
1040,0.290727196,-0.095979974,0.677434367,7.784055513,1.732786314,0.12125833,0.23781579,-5.13573705,nadD,gene:SMU_1799,0.00584831,0.197299577
1046,-0.358456835,-0.841690408,0.124776738,8.610142773,-1.709705624,0.125582764,0.244353839,-5.154109582,ampM,gene:SMU_1556,0.005742454,0.246547741
1047,-0.751265464,-1.775464157,0.272933229,8.925101893,-1.690638604,0.129262868,0.248624796,-5.155226712,trxB,gene:SMU_463,0.00573608,0.522550354
1055,-0.5432748,-1.278458642,0.191909043,7.880762238,-1.703198164,0.126827687,0.246533032,-5.173894479,gtfB,gene:SMU_1004,0.00563059,0.375093797
1058,-0.361498054,-0.891275073,0.168278965,4.593128462,-1.572730913,0.15431711,0.282962508,-5.177187121,scnF,gene:SMU_1811,0.005612185,0.270294397
1060,0.350278911,-0.130518264,0.831076086,6.736268965,1.679166101,0.131525067,0.251940735,-5.182876707,hisB,gene:SMU_1268,0.005580523,0.245304681
1063,0.293380114,-0.105558342,0.69231857,8.451413838,1.694986894,0.128414911,0.248146753,-5.188118132,aroB,gene:SMU_779,0.005551511,0.203540029
1065,-0.457602152,-1.133583366,0.218379061,10.47951876,-1.560252928,0.157212626,0.286144383,-5.192025894,atpB,gene:SMU_1528,0.005529979,0.344888374
1074,-0.29864896,-0.713540187,0.116242267,6.850495398,-1.659083824,0.135573266,0.257530932,-5.210703659,ylxM,gene:SMU_1061,0.005428206,0.211679198
1077,-0.38591118,-1.015388351,0.243565991,2.189074941,-1.413022087,0.195247954,0.330097869,-5.230685158,mutF,gene:SMU_654,0.00532139,0.321161822
1086,-0.445053096,-1.076256719,0.186150527,8.211820377,-1.625114321,0.142682897,0.267344117,-5.276725178,pyrR,gene:SMU_856,0.005083164,0.322042665
1088,0.374729857,-0.196133209,0.945592923,10.21209797,1.512961672,0.168636972,0.299449092,-5.283833649,purH,gene:SMU_37,0.005047341,0.291256666
1089,-0.388879991,-0.954890958,0.177130976,9.24512186,-1.583551989,0.151845318,0.279853207,-5.286256536,scnK,gene:SMU_1814,0.005035188,0.288781106
1094,-0.395233786,-0.991060672,0.200593101,9.801833042,-1.528887535,0.164708942,0.295159621,-5.30408452,syl,gene:SMU_1943,0.004946656,0.303993309
1097,-0.392965018,-1.067068149,0.281138113,2.150512423,-1.343597295,0.215837991,0.350492475,-5.310109984,comYD,gene:SMU_1983,0.004917086,0.343930169
1101,0.247533434,-0.109008929,0.604075797,7.993793107,1.600163288,0.148120863,0.275181226,-5.317035623,aroE,gene:SMU_778,0.004883315,0.181909369
1103,0.318749571,-0.14191531,0.779414452,8.17910599,1.594799455,0.149314307,0.276617021,-5.325286624,gbpD,gene:SMU_772,0.004843383,0.235033103
1104,0.318268801,-0.179471601,0.816009204,10.21511498,1.473780303,0.178659727,0.311667234,-5.333026942,dnaX,gene:SMU_1581,0.004806218,0.253949185
1109,-0.343099148,-0.849386558,0.163188261,8.77831335,-1.561939064,0.156818506,0.285690592,-5.345320351,dnaC,gene:SMU_2138,0.004747774,0.258309903
1110,-0.363774999,-0.897987345,0.170437347,7.408984039,-1.569497044,0.155062855,0.283170682,-5.34729025,parE,gene:SMU_1210,0.004738475,0.272557319
1112,0.296426823,-0.147330934,0.74018458,6.348626752,1.539618481,0.162108765,0.292692916,-5.348382752,trpD,gene:SMU_534,0.004733325,0.226407019
1113,-0.312004839,-0.806095818,0.182086139,10.24259998,-1.455445608,0.183529151,0.315863408,-5.350528177,gtfD,gene:SMU_910,0.004723229,0.252087234
1116,0.417677673,-0.196079144,1.03143449,7.824884437,1.568507161,0.155291778,0.283170682,-5.357449981,pycB,gene:SMU_1023,0.004690801,0.313141233
1119,-0.531666755,-1.323216915,0.259883405,8.539655058,-1.54811293,0.160076782,0.289753661,-5.368048674,rs8,gene:SMU_2012,0.004641577,0.403852123
1121,-0.358839028,-0.890526125,0.172848069,8.224431295,-1.555554118,0.158315665,0.287356767,-5.36973083,lemA,gene:SMU_1930,0.004633812,0.271268927
1126,-0.336506454,-0.903782738,0.23076983,3.980797545,-1.367226114,0.208628483,0.344355026,-5.39458914,scnE,gene:SMU_1810,0.004520558,0.289426675
1128,-0.359330968,-0.904973013,0.186311077,6.855407395,-1.517848386,0.167422848,0.297858684,-5.396656224,papS,gene:SMU_901,0.004511265,0.278388799
1134,-0.494658183,-1.237945345,0.248628979,7.877421038,-1.533875605,0.16349567,0.293570069,-5.400236503,rs14,gene:SMU_2014,0.004495215,0.379228144
1138,-0.334408977,-0.848727753,0.179909798,9.138450567,-1.498604812,0.172249711,0.302534475,-5.405469672,pgdA,gene:SMU_1920,0.004471857,0.262407539
1139,-0.28279263,-0.725796317,0.160211057,5.941727104,-1.471303676,0.179310718,0.312015172,-5.406005051,ogt,gene:SMU_1652,0.004469474,0.226022289
1141,-0.653105228,-1.87808365,0.571873193,1.771301687,-1.228842706,0.253951712,0.393286286,-5.407021991,mreD,gene:SMU_21,0.004464951,0.62498899
1143,0.844362349,-0.431506228,2.120230925,7.629910163,1.525332388,0.165578609,0.295812135,-5.411794105,copY,gene:SMU_424,0.004443789,0.650953355
1147,0.697391674,-0.374400904,1.769184252,6.733808476,1.499711035,0.171968903,0.302401645,-5.420389027,copZ,gene:SMU_427,0.004405927,0.546832948
1148,0.294970002,-0.171357852,0.761297857,5.867481139,1.457901115,0.182870262,0.315791594,-5.422562731,mutX,gene:SMU_1455,0.004396402,0.237922375
1150,0.308343357,-0.308911862,0.925598577,13.51711199,1.151360696,0.282737416,0.421967415,-5.426595142,gbpB,gene:SMU_22,0.004378787,0.314926132
1153,0.384154586,-0.22183626,0.990145431,6.072573658,1.461105353,0.182013613,0.31528285,-5.432903146,fruB,gene:SMU_79,0.004351372,0.309179003
1155,0.349907171,-0.31104119,1.010855532,12.43874763,1.220188387,0.257041788,0.396205819,-5.433718741,ldh,gene:SMU_1115,0.00434784,0.337218551
1157,0.387262812,-0.208969632,0.983495256,7.073289544,1.497034346,0.172649068,0.302788098,-5.437785731,hisF,gene:SMU_1264,0.00433027,0.304200227
1160,0.255320131,-0.136008556,0.646648818,8.338541394,1.503782222,0.170938975,0.300858696,-5.442930331,plsX,gene:SMU_26,0.004308145,0.199657493
1161,-0.273425584,-0.718527969,0.171676801,9.846264468,-1.415861594,0.194443552,0.329302256,-5.443652073,dltB,gene:SMU_1690,0.00430505,0.227093053
1162,0.153380745,-1.137918103,1.444679593,-5.441356439,0.273769872,0.791177458,0.855903789,-5.444198694,LSU_rRNA_bacteria,gene:EBG00001213017,0.004302708,0.658825943
1163,-0.469608115,-1.236127162,0.296910931,9.858795186,-1.412063466,0.195520178,0.330275095,-5.444479107,gshR,gene:SMU_838,0.004301507,0.391081146
1165,0.403381866,-0.301849508,1.10861324,10.86945877,1.318336632,0.223781307,0.360424913,-5.44880631,pacL,gene:SMU_1563,0.004283013,0.359811926
1166,-0.352948228,-0.905885571,0.199989114,6.733639384,-1.471216744,0.179333606,0.312015172,-5.451737524,ptxA,gene:SMU_272,0.004270531,0.282110889
1169,0.249422041,-0.147568928,0.646413011,6.266434969,1.448090737,0.185515267,0.318279672,-5.460472011,aroH,gene:SMU_1837,0.004233549,0.202546413
1175,-0.233885494,-0.600244622,0.132473633,8.077928576,-1.471424033,0.179279033,0.312015172,-5.481309259,rgpB,gene:SMU_826,0.004146609,0.186917922
1188,-0.249743452,-0.647241766,0.147754862,8.382047079,-1.448106134,0.18551109,0.318279672,-5.506548821,rgpA,gene:SMU_825,0.004043678,0.202805262
1189,-0.582904967,-1.569586412,0.403776478,9.829845952,-1.361640214,0.210313786,0.345548312,-5.506809628,rf2,gene:SMU_1326,0.004042627,0.503408901
1193,-0.239073332,-0.622935966,0.144789301,7.792192709,-1.435479089,0.188965103,0.323074653,-5.527273139,rexB,gene:SMU_1500,0.003961066,0.195848283
1194,0.479512537,-0.295736137,1.25476121,7.151485768,1.425609262,0.191704199,0.326062401,-5.531038971,satC,gene:SMU_1059,0.003946236,0.395535037
1198,0.228918612,-0.144038862,0.601876087,8.867073277,1.414696776,0.194773181,0.329577603,-5.538688383,aspS,gene:SMU_2101,0.003916283,0.190284426
1199,0.415808225,-0.281442399,1.113058848,9.49900622,1.374503146,0.206450495,0.343445891,-5.539474584,purB,gene:SMU_59,0.003913217,0.355740114
1204,0.325383555,-0.204019539,0.85478665,7.280661926,1.41661129,0.194231656,0.329225994,-5.544843756,end3,gene:SMU_1650,0.003892344,0.27010362
1206,0.403123239,-0.261569638,1.067816116,6.686486102,1.397842962,0.199597595,0.335541811,-5.545436921,rpiA,gene:SMU_1234,0.003890045,0.339129019
1208,-0.250350746,-0.66320561,0.162504118,8.878723073,-1.397632715,0.199658432,0.335541811,-5.551245021,rgpE,gene:SMU_829,0.003867604,0.210640237
1210,0.469992943,-0.302388831,1.242374717,7.00524212,1.402493618,0.198256025,0.333753531,-5.554624398,mleS,gene:SMU_137,0.003854606,0.394072334
1211,0.450840121,-0.286027787,1.18770803,7.699746122,1.410179798,0.19605606,0.330893354,-5.558426933,galR,gene:SMU_885,0.003840033,0.375953015
1214,0.264626575,-0.251902359,0.781155508,11.3292221,1.180810961,0.271496876,0.409101037,-5.562545551,secA,gene:SMU_1838,0.00382431,0.26353517
1215,-0.435312853,-1.167634,0.297008294,9.127323909,-1.370066,0.20777616,0.343680373,-5.56366035,rl6,gene:SMU_2011,0.003820065,0.373633238
1216,-0.363807813,-0.974880887,0.247265262,9.102256864,-1.37220958,0.207134815,0.343680373,-5.565683838,malR,gene:SMU_1566,0.003812373,0.311771977
1217,-0.325903868,-0.869280633,0.217472897,8.916775687,-1.382388222,0.204112802,0.341283524,-5.565940705,atpF,gene:SMU_1532,0.003811397,0.277233043
1219,-0.326832773,-0.883870945,0.230205399,9.340004523,-1.352328546,0.213149323,0.348132132,-5.570917646,recA,gene:SMU_2085,0.003792547,0.284203149
1220,0.259266482,-0.177921151,0.696454115,9.227474545,1.366847555,0.208742327,0.344355026,-5.572858239,sygB,gene:SMU_446,0.003785222,0.223054915
1221,-0.361349868,-0.97976947,0.257069734,6.224970923,-1.346747654,0.214864535,0.349775353,-5.578178326,pstB,gene:SMU_1135,0.003765214,0.315520205
1222,-0.31767662,-0.850865325,0.215512085,8.895140558,-1.373238234,0.206827658,0.343680373,-5.578846353,ilvE,gene:SMU_1203,0.003762709,0.272035054
1237,-0.26785827,-0.758124229,0.222407689,5.178624701,-1.259258508,0.243335989,0.381639035,-5.606006112,trpE,gene:SMU_532,0.003662259,0.250135693
1242,0.290658455,-0.198510258,0.779827169,8.207639128,1.369512065,0.207942173,0.343680373,-5.61198459,rrf1,gene:SMU_1624,0.003640509,0.249575874
1245,-0.339881223,-0.924735681,0.244973234,6.850283455,-1.339432839,0.217130621,0.352032926,-5.618855451,hemN,gene:SMU_1418,0.003615672,0.298395131
1247,0.259066742,-0.202303238,0.720436722,9.624837934,1.294207478,0.231600633,0.369400201,-5.620524081,pbp1b,gene:SMU_1991,0.003609665,0.235392847
1249,-0.454511611,-1.231951227,0.322928004,8.561166447,-1.347472435,0.214641114,0.34970018,-5.6210803,rl15,gene:SMU_2007,0.003607665,0.396652865
1250,-0.317649222,-0.858259399,0.222960956,8.297469874,-1.354269669,0.212555517,0.347449905,-5.622809891,atmB,gene:SMU_1941,0.003601453,0.275821519
1251,-0.226547033,-0.613091794,0.159997729,8.155874274,-1.350828329,0.213609231,0.348306623,-5.629990188,aspG,gene:SMU_1831,0.003575778,0.197216715
1252,0.285748976,-0.20736481,0.778862761,6.927208965,1.33560831,0.21832359,0.353365417,-5.631724112,pdp,gene:SMU_1124,0.003569606,0.251588666
1256,0.403506025,-0.320893504,1.127905554,5.967474576,1.283847497,0.235028408,0.373339732,-5.641089216,nrdI,gene:SMU_1777,0.00353645,0.369591596
1264,-0.307425687,-0.902994192,0.288142819,10.27726419,-1.189734354,0.268163982,0.405871588,-5.659540827,livK,gene:SMU_1669,0.003472019,0.303861482
1266,0.492937732,-0.372719954,1.358595418,8.807695186,1.312464142,0.225663341,0.362568217,-5.667826884,purD,gene:SMU_48,0.003443468,0.441662085
1267,0.237676646,-0.181252648,0.656605941,8.857828834,1.307637464,0.227220299,0.363589334,-5.668880022,proS,gene:SMU_1783,0.003439856,0.213739436
1271,0.599032052,-0.520263477,1.718327581,9.771832502,1.233521903,0.252293877,0.391025781,-5.675067318,groES,gene:SMU_1955,0.00341871,0.571069147
1272,-0.398566412,-1.142935535,0.345802711,5.735971052,-1.234110141,0.252086104,0.391010914,-5.675256356,mreC,gene:SMU_20,0.003418066,0.379780165
1276,-0.253815233,-0.701180962,0.193550496,7.732248113,-1.307665136,0.227211346,0.363589334,-5.682360135,dnaN,gene:SMU_02,0.003393953,0.228247821
1277,-0.233122452,-0.66048216,0.194237255,9.362366531,-1.257280279,0.244014949,0.381793413,-5.682783842,gltX,gene:SMU_330,0.00339252,0.218040667
1279,-0.259308737,-0.71912638,0.200508907,8.331982511,-1.299789702,0.229771297,0.367304742,-5.687982247,rluB,gene:SMU_1711,0.00337499,0.234600839
1280,-0.305761155,-0.949448368,0.337926057,3.834413819,-1.094835832,0.305363759,0.443981353,-5.68995606,pksD,gene:SMU_1336,0.003368357,0.328411843
1284,-0.314639556,-0.876508276,0.247229165,8.192630571,-1.290684334,0.232761541,0.370652559,-5.700042589,atpH,gene:SMU_1534,0.003334666,0.286667715
1286,0.268984131,-0.21411376,0.752082021,7.140387181,1.283314471,0.235205924,0.373339732,-5.7013188,ptxB,gene:SMU_271,0.003330427,0.246478515
1287,-0.238439959,-0.668355815,0.191475896,8.711564443,-1.278312838,0.236877165,0.374486095,-5.702767039,gatA,gene:SMU_1822,0.003325623,0.219344824
1294,0.308968878,-0.396851249,1.014789005,11.66469428,1.008932871,0.342462741,0.483664272,-5.71166186,ahpC,gene:SMU_764,0.003296271,0.36011231
1295,0.370955772,-0.296233263,1.038144807,7.611869274,1.281488775,0.235814802,0.373680917,-5.712456,secE,gene:SMU_1948,0.003293663,0.340402569
1297,-0.295032373,-0.851076399,0.261011653,9.441136144,-1.222931318,0.256059048,0.395618248,-5.713301304,ciaH,gene:SMU_1128,0.003290889,0.283695932
1300,0.274853492,-0.248031427,0.797738412,5.918671795,1.211537097,0.260161875,0.398524363,-5.719472052,hisI,gene:SMU_1263,0.00327071,0.26677802
1301,-0.266178623,-0.749123132,0.216765886,8.449947628,-1.27033281,0.239564352,0.377876853,-5.719967187,folC,gene:SMU_967,0.003269096,0.24640026
1305,-0.306776644,-0.920447575,0.306894288,10.06736257,-1.152201174,0.282411466,0.421800017,-5.723871522,rs2,gene:SMU_2032,0.003256399,0.313097414
1306,0.216641882,-0.197275137,0.6305589,9.580366724,1.206342727,0.262050227,0.400794649,-5.725401454,accA,gene:SMU_1734,0.003251437,0.211182152
1310,-0.217440969,-0.612761509,0.177879572,7.883930992,-1.267749851,0.240439618,0.378412517,-5.72989453,cdsA,gene:SMU_1785,0.003236908,0.201694153
1311,-0.206360066,-0.583723602,0.17100347,8.284672938,-1.260396819,0.242946021,0.381330549,-5.735481962,aspB,gene:SMU_1312,0.003218931,0.192532416
1312,-0.209572978,-0.592598262,0.173452305,8.214411921,-1.261099685,0.242705493,0.38125632,-5.735539972,rexA,gene:SMU_1499,0.003218744,0.195421063
1315,-0.335475354,-1.21604868,0.545097972,12.82733193,-0.878085221,0.405424408,0.543043013,-5.73834665,clpE,gene:SMU_562,0.003209752,0.449272105
1320,0.21258988,-0.239659041,0.664838801,10.47960633,1.083444382,0.310093584,0.449533167,-5.749996614,pbp1a,gene:SMU_467,0.003172694,0.230739245
1321,0.826967459,-0.716588168,2.370523086,8.953751867,1.234831527,0.251831496,0.391010914,-5.750010956,pdhA,gene:SMU_1423,0.003172648,0.787528381
1322,-0.20259965,-0.576245307,0.171046006,7.969998306,-1.249741892,0.246616821,0.384340432,-5.750573114,endA,gene:SMU_1523,0.003170871,0.190635539
1326,-0.216293991,-0.617964106,0.185376123,8.000761364,-1.241127815,0.249618348,0.38871113,-5.760186851,brpA,gene:SMU_410,0.003140628,0.204933732
1331,0.44137795,-0.688902885,1.571658785,2.062794169,0.900048357,0.394306366,0.533584677,-5.768031157,xis,gene:SMU_1031,0.003116165,0.576673895
1332,-0.289841785,-0.834373074,0.254689504,8.404022106,-1.226816842,0.254672278,0.394092867,-5.770359575,pnpA,gene:SMU_155,0.00310894,0.277822086
1335,-0.228671235,-0.75687999,0.29953752,11.05894734,-0.997809226,0.347510209,0.489042541,-5.775211552,gtfC,gene:SMU_1005,0.003093939,0.269494263
1337,-0.235046293,-0.729186203,0.259093617,5.098720185,-1.096339467,0.304743729,0.443594197,-5.777812993,scnG,gene:SMU_1809,0.003085925,0.252112199
1339,0.197074805,-0.176218129,0.570367738,7.388430964,1.216810392,0.258256353,0.397491685,-5.783305077,ruvB,gene:SMU_64,0.003069076,0.190455578
1346,0.365676594,-0.335802022,1.06715521,8.895710942,1.201501453,0.263820386,0.40194411,-5.790136335,purF,gene:SMU_32,0.003048245,0.357897253
1347,0.276411016,-0.253467891,0.806289924,7.05656264,1.202320604,0.263520182,0.40194411,-5.790980518,hisA,gene:SMU_1265,0.003045681,0.270346381
1348,-0.248239936,-0.725763848,0.229283976,7.136054346,-1.198169062,0.265044556,0.402712556,-5.793008912,uppS,gene:SMU_1786,0.003039528,0.243634649
1349,0.335054866,-0.320479756,0.990589487,6.592338287,1.178044971,0.272536833,0.410156501,-5.797082543,flaW,gene:SMU_1294,0.003027209,0.33445644
1352,0.248385138,-0.22660972,0.723379995,7.889274342,1.205253142,0.262447765,0.401091743,-5.802246409,srtA,gene:SMU_1113,0.003011664,0.242344315
1354,0.328882907,-0.327865445,0.985631259,9.372995826,1.154207481,0.28163462,0.420958413,-5.805182774,purK,gene:SMU_51,0.00300286,0.33507569
1357,0.258196261,-0.337375028,0.853767549,4.246391164,0.999212295,0.346870449,0.488490646,-5.809987252,lacX,gene:SMU_1489,0.00298851,0.303862902
1369,-0.224996701,-0.812427859,0.362434457,11.65742577,-0.882796793,0.403020621,0.540961242,-5.827241819,ssb,gene:SMU_1859,0.002937537,0.299709775
1377,0.204591393,-0.213338894,0.622521681,9.165759037,1.128301299,0.291799441,0.430284228,-5.84980074,fabZ,gene:SMU_1737,0.0028722,0.213229739
1379,0.198857814,-0.288206789,0.685922416,10.81825513,0.941017427,0.374161055,0.515259941,-5.851067544,ilvC,gene:SMU_233,0.002868574,0.248502348
1382,0.200015078,-0.403512534,0.80354269,12.50746961,0.763848386,0.466824039,0.593621055,-5.857369588,eno,gene:SMU_1247,0.002850604,0.307922251
1390,-0.190551638,-0.575952389,0.194849113,8.441904656,-1.139571825,0.287341477,0.427630369,-5.867770425,recG,gene:SMU_1833,0.002821193,0.196633036
1391,-0.196872626,-0.593370741,0.199625489,7.994762868,-1.144420901,0.285440428,0.425357979,-5.867856492,oppC,gene:SMU_257,0.00282095,0.202294957
1395,-0.280940504,-1.080488827,0.51860782,11.75072366,-0.809862358,0.44137498,0.573293506,-5.880478999,rl31,gene:SMU_1298,0.002785665,0.407932818
1398,0.280859675,-0.435411596,0.997130946,4.054000268,0.903760655,0.392449108,0.531800886,-5.885321527,sloA,gene:SMU_182,0.002772246,0.365444526
1399,0.23443003,-0.257237914,0.726097974,9.080294333,1.098962625,0.303664449,0.442814529,-5.887778412,glnQ,gene:SMU_1519,0.002765462,0.250850992
1401,0.208461383,-0.22822808,0.645150846,8.996911495,1.100257851,0.303132659,0.442694845,-5.89193103,fabD,gene:SMU_1741,0.002754033,0.222800746
1403,0.365680843,-0.43174382,1.163105505,9.507308024,1.056949213,0.321317867,0.462070081,-5.894084779,dexB,gene:SMU_883,0.002748124,0.406849318
1411,-0.415984526,-1.413842711,0.58187366,10.17515628,-0.960837457,0.364692207,0.506638759,-5.904244398,adhB,gene:SMU_128,0.002720421,0.509111319
1413,-0.210786766,-0.742446997,0.320873465,10.52245972,-0.913799126,0.387458671,0.526484819,-5.909215367,gbpC,gene:SMU_1396,0.002706968,0.27125522
1414,-0.175532022,-0.54465988,0.193595836,8.569400258,-1.09602663,0.304872646,0.443594197,-5.910843749,gpsA,gene:SMU_323,0.002702576,0.18833054
1415,0.239481089,-0.372814784,0.851776961,10.59000597,0.90147039,0.393594174,0.532986483,-5.911715439,sacB,gene:SMU_2028,0.002700227,0.312395853
1423,-0.177977201,-0.554097134,0.198142732,7.710752049,-1.090635416,0.307101116,0.446178573,-5.924334444,phoH,gene:SMU_1620,0.002666458,0.191897925
1430,-0.21921214,-0.690538312,0.252114031,8.398957398,-1.07197491,0.314914017,0.454850186,-5.939327061,murN,gene:SMU_716,0.002626883,0.240472537
1432,0.19615174,-0.253168584,0.645472064,9.503813582,1.00618462,0.343704553,0.484724148,-5.943191923,glnR,gene:SMU_363,0.002616776,0.229245063
1435,0.176452189,-0.26092677,0.613831149,5.167999045,0.929845381,0.379577957,0.518993285,-5.946949321,mtlA2,gene:SMU_1183,0.002606988,0.22315253
1437,0.183511026,-0.264419597,0.631441648,9.962338306,0.944263021,0.372598148,0.514081221,-5.949176907,fabF,gene:SMU_1739,0.002601202,0.228536032
1441,-0.200273811,-0.667899917,0.267352294,9.531934531,-0.987113267,0.352416762,0.494888449,-5.953251728,polI,gene:SMU_297,0.002590652,0.238584748
1442,-0.222242551,-0.71716863,0.272683529,6.885904744,-1.034971635,0.330866938,0.47235924,-5.957604622,murB,gene:SMU_972,0.002579429,0.252513306
1446,0.220758226,-0.262716925,0.704233378,7.707282516,1.052408415,0.323273012,0.463867384,-5.964015559,luxS,gene:SMU_474,0.002562987,0.246670996
1447,-0.1843521,-0.613214617,0.244510418,9.335056813,-0.990767089,0.350734778,0.493202043,-5.968824018,dnaB,gene:SMU_1922,0.002550724,0.218807407
1451,0.208572403,-0.256469704,0.673614511,7.188061194,1.033727669,0.331413935,0.472798043,-5.973659142,urk,gene:SMU_1386,0.002538452,0.237266381
1453,-0.184354701,-0.592732188,0.224022786,8.020580328,-1.040480625,0.328452915,0.469932996,-5.97630275,leuC,gene:SMU_1382,0.002531767,0.208355861
1457,0.287987054,-0.356889729,0.932863837,7.229382457,1.029290105,0.333370913,0.474900788,-5.979825476,satE,gene:SMU_1057,0.002522887,0.329018767
1459,-0.172617569,-0.565697855,0.220462717,8.806931808,-1.012150995,0.341012975,0.482307241,-5.986484644,krpS,gene:SMU_1050,0.002506184,0.200551166
1460,-0.17552124,-0.575720581,0.224678102,7.130843834,-1.010869007,0.341589948,0.482777197,-5.990569126,truB,gene:SMU_1144,0.002495994,0.204183338
1462,0.254536012,-0.475301866,0.984373891,4.394620914,0.803830371,0.444656241,0.576038585,-5.994234292,sloB,gene:SMU_183,0.002486885,0.372366264
1464,-0.19046545,-0.660364203,0.279433303,9.606797543,-0.93422931,0.377445513,0.516823074,-5.995308365,metS,gene:SMU_1639,0.002484222,0.239744262
1472,-0.207172748,-0.784321441,0.369975946,10.33952139,-0.827344688,0.431958968,0.566282421,-6.004648898,pepO,gene:SMU_2036,0.002461183,0.294463619
1473,-0.206713652,-0.694243206,0.280815902,6.690183326,-0.977259242,0.356983314,0.499169439,-6.006470689,cysE,gene:SMU_157,0.002456714,0.248739568
1477,0.171944387,-0.304141418,0.648030192,10.2415139,0.832423523,0.429249739,0.564230337,-6.01318199,accC,gene:SMU_1736,0.002440322,0.242900921
1481,-0.285696017,-0.950654671,0.379262637,8.360768959,-0.990264289,0.350965873,0.493202043,-6.020718541,aldB,gene:SMU_1451,0.002422044,0.339264619
1483,0.298538202,-0.442968167,1.04004457,6.149228755,0.927954326,0.38050054,0.519894436,-6.025156091,phnA,gene:SMU_1180,0.002411346,0.378319576
1486,0.160593294,-0.2233433,0.544529887,8.999707863,0.964072005,0.36316404,0.506638759,-6.027263803,murE,gene:SMU_1677,0.002406281,0.195886017
1487,-0.184810947,-0.659116303,0.289494409,9.574037758,-0.898072169,0.39529764,0.534193317,-6.031523863,divIVA,gene:SMU_557,0.002396076,0.241992528
1499,-0.099702857,-0.765555742,0.566150029,1.440122958,-0.345120605,0.738877064,0.818991262,-6.058895674,comYC,gene:SMU_1984,0.002331532,0.33972086
1501,0.156691874,-0.291090715,0.604474462,9.999495535,0.806530593,0.443185329,0.574888005,-6.064574301,gyrB,gene:SMU_1277,0.00231836,0.228460504
1504,0.148632689,-0.237439529,0.534704906,6.289422109,0.887334482,0.400715215,0.539666293,-6.069849711,aroA,gene:SMU_784,0.00230619,0.196975621
1506,-0.293381751,-1.032097023,0.44533352,8.85806215,-0.915371936,0.386680984,0.525790201,-6.073071998,ciaR,gene:SMU_1129,0.002298788,0.376895547
1507,-0.186075053,-0.654307635,0.282157529,8.886823035,-0.915942255,0.386399267,0.525787767,-6.073207634,priA,gene:SMU_480,0.002298477,0.238894174
1508,0.162786438,-0.236683016,0.562255892,8.485293385,0.93923922,0.3750194,0.515259941,-6.073360608,cinA,gene:SMU_2086,0.002298126,0.203810946
1512,-0.089969755,-0.748978519,0.569039009,12.86958541,-0.314663901,0.761044238,0.832801044,-6.076808484,sod,gene:SMU_629,0.002290234,0.336228961
1515,-0.150930151,-0.53785215,0.235991848,6.725525872,-0.899071347,0.394796218,0.533881383,-6.080929348,potC,gene:SMU_975,0.002280837,0.197409183
1519,0.203245398,-0.564166183,0.970656979,11.07775701,0.610427297,0.558469338,0.672807902,-6.083087065,prtM,gene:SMU_648,0.002275932,0.391536521
1525,-0.143250374,-0.601516982,0.315016235,10.30126283,-0.720475345,0.491687099,0.616326967,-6.093061441,syt1,gene:SMU_1586,0.002253395,0.233809494
1529,0.135046832,-0.327994957,0.598088621,10.5697892,0.672211269,0.520333679,0.640036377,-6.096119823,capP,gene:SMU_712,0.002246529,0.236245811
1536,-0.187188957,-0.69217234,0.317794426,9.211818728,-0.854367483,0.417680158,0.554912464,-6.104439101,gatB,gene:SMU_1819,0.002227959,0.257644583
1538,0.15918551,-0.255604819,0.573975839,8.904156059,0.884537978,0.402134877,0.540839886,-6.106090547,fabG,gene:SMU_1740,0.00222429,0.211627719
1542,0.190778767,-0.360014252,0.741571786,5.818070985,0.798331351,0.447662048,0.577656782,-6.113363217,pmsR,gene:SMU_1622,0.002208208,0.281016846
1548,-0.175872643,-0.633933277,0.282187991,7.449284095,-0.884946251,0.40192739,0.540839886,-6.118193523,trxB2,gene:SMU_869,0.002197591,0.233704405
1550,0.191084976,-0.636858502,1.019028455,11.1345999,0.531945853,0.609173375,0.715842208,-6.124362021,fthS,gene:SMU_1073,0.002184106,0.422420142
1559,0.391737709,-0.835807018,1.619282436,9.864434069,0.735528708,0.482962603,0.608095224,-6.138403649,copA,gene:SMU_426,0.002153718,0.62629833
1562,-0.126058857,-0.923336287,0.671218573,2.497540729,-0.36442274,0.724960164,0.809935676,-6.141738004,comX1,gene:SMU_1997,0.002146564,0.406774199
1565,0.140094779,-0.253679135,0.533868692,9.143996133,0.820005151,0.43589502,0.568796874,-6.144595336,murA,gene:SMU_1525,0.002140452,0.200905058
1567,0.154314045,-0.336656069,0.64528416,5.530475122,0.72442257,0.489389649,0.614756358,-6.1476411,trpC,gene:SMU_535,0.002133957,0.250494956
1572,0.164702351,-0.281669184,0.611073886,7.643586898,0.850442352,0.419733368,0.555794587,-6.152849475,pepB,gene:SMU_645,0.002122895,0.227740579
1573,-0.145116754,-0.541451129,0.25121762,8.454710392,-0.843912443,0.423164812,0.559212441,-6.154508107,oppF,gene:SMU_259,0.002119384,0.202211415
1575,0.143429383,-0.518278185,0.805136952,3.777011377,0.499589845,0.630774327,0.733363433,-6.15716941,comC,gene:SMU_1915,0.002113763,0.337605902
1578,0.316271142,-1.07369997,1.706242253,4.033911831,0.524439466,0.614149576,0.718693424,-6.159326048,bacT,gene:SMU_1346,0.002109219,0.709168934
1581,-0.272540413,-1.033851687,0.488770861,7.247988058,-0.825106908,0.433156432,0.567353464,-6.162700863,rl30,gene:SMU_2008,0.002102128,0.388424119
1584,0.14087912,-0.257822082,0.539580323,8.916242272,0.814405429,0.438914627,0.57186624,-6.16513087,argS,gene:SMU_2098,0.002097037,0.203418981
1587,-0.157574285,-0.606754211,0.291605641,8.871782053,-0.808549437,0.442087764,0.573841552,-6.167677884,opuCa,gene:SMU_2116,0.002091713,0.229173432
1588,-0.13602233,-0.771074446,0.499029787,10.90294165,-0.493676455,0.634764133,0.736266686,-6.168896075,pfk,gene:SMU_1191,0.002089172,0.324006182
1596,-0.135364044,-0.602519792,0.331791704,5.352553361,-0.667856562,0.522968314,0.642876314,-6.172768336,radC,gene:SMU_1055,0.002081115,0.238344769
1603,0.148781145,-0.268228007,0.565790297,8.14882694,0.82232574,0.434647866,0.567920688,-6.179782194,rnh3,gene:SMU_1873,0.002066599,0.212759771
1609,0.133644749,-0.257862494,0.525151993,8.940061001,0.786780654,0.454020595,0.584333094,-6.186069288,ilvH,gene:SMU_232,0.002053674,0.199748594
1610,0.136933776,-0.256128716,0.529996267,8.624532251,0.802953795,0.44513446,0.576279718,-6.188367204,lepA,gene:SMU_1394,0.00204897,0.200542087
1611,-0.246995136,-1.006370013,0.512379741,9.195970292,-0.749676246,0.474855318,0.600955447,-6.189964891,gltA,gene:SMU_365,0.002045705,0.387436162
1614,0.123970858,-0.310908146,0.558849862,9.878089503,0.657041409,0.529546894,0.648464356,-6.191255182,accD,gene:SMU_1735,0.002043073,0.221877043
1617,-0.361542218,-1.518022852,0.794938417,6.207201616,-0.720546855,0.491645416,0.616326967,-6.196804828,mutR,gene:SMU_110,0.002031789,0.59004114
1620,0.145919199,-0.290007642,0.581846039,7.028625123,0.771507941,0.46252111,0.590267885,-6.203370554,hemZ,gene:SMU_2063,0.002018519,0.222411653
1621,-0.316948219,-1.440819201,0.806922763,5.603838135,-0.650000113,0.533856872,0.652601988,-6.203558616,psaR,gene:SMU_1926,0.00201814,0.573403562
1622,-0.170370074,-0.671831128,0.331090981,8.402992287,-0.783064753,0.456079059,0.585454771,-6.205373893,akh,gene:SMU_1748,0.002014488,0.255847477
1624,0.135161303,-0.327547517,0.597870124,5.804897231,0.673265199,0.519697273,0.639652352,-6.206262535,pheA,gene:SMU_786,0.002012702,0.236075929
1626,0.118215201,-0.413315354,0.649745756,4.652521747,0.512609516,0.622035246,0.726628502,-6.211652726,trpF,gene:SMU_536,0.002001904,0.271189059
1628,0.249348188,-0.48827821,0.986974586,8.371226065,0.779132534,0.45826418,0.587495274,-6.214645082,purM,gene:SMU_34,0.001995934,0.376339999
1633,0.116277462,-0.344911578,0.577466502,10.035425,0.58110972,0.577122096,0.690935617,-6.220743749,pbp2b,gene:SMU_597,0.001983823,0.235300531
1634,-0.155686266,-0.753364631,0.4419921,9.919089124,-0.600377406,0.564823815,0.67868294,-6.220883365,alsS,gene:SMU_1452,0.001983546,0.304937941
1635,-0.132560073,-0.532522666,0.26740252,8.046895421,-0.763897226,0.466796518,0.593621055,-6.225080251,oppB,gene:SMU_256,0.001975256,0.204062548
1651,0.088273512,-0.372619276,0.5491663,4.568264175,0.441440391,0.670549144,0.768288885,-6.241001444,metE,gene:SMU_873,0.001944117,0.235149382
1653,-0.183544616,-0.892791437,0.525702204,5.666260223,-0.596466184,0.567308066,0.681253083,-6.244012207,phoU,gene:SMU_1133,0.001938284,0.361860623
1654,0.471652942,-0.992565805,1.935871689,8.369527271,0.742434524,0.478994009,0.604641829,-6.24483111,bacA1,gene:SMU_1342,0.0019367,0.747050381
1656,-0.047908277,-0.628231307,0.532414752,11.24449031,-0.19027526,0.853819627,0.894153994,-6.245904098,pykF,gene:SMU_1190,0.001934627,0.296083178
1657,0.092296959,-0.526858899,0.711452816,10.79590875,0.343580872,0.739991721,0.819766236,-6.246259838,ropA,gene:SMU_91,0.00193394,0.315895846
1660,0.067686466,-0.624969988,0.760342921,11.10615526,0.225229633,0.827431532,0.878410808,-6.25079389,glnA,gene:SMU_364,0.001925209,0.35339615
1665,-0.122827329,-0.52603318,0.280378522,8.675934025,-0.702117432,0.502462789,0.626649231,-6.260100481,purR,gene:SMU_356,0.001907409,0.205717271
1669,0.144017145,-0.651128406,0.939162696,10.40181472,0.417454492,0.687293189,0.781122961,-6.261692922,secY,gene:SMU_2006,0.001904379,0.405686506
1670,0.034534315,-0.58888649,0.657955121,3.438689127,0.127676549,0.901547086,0.928852428,-6.262326807,comYB,gene:SMU_1985,0.001903175,0.318071839
1672,-0.132449335,-0.563261185,0.298362516,8.333231156,-0.708604188,0.498638208,0.622666572,-6.264390548,pepC,gene:SMU_466,0.001899259,0.219801964
1673,-0.041220671,-0.685788506,0.603347165,11.12460653,-0.147396781,0.886455594,0.917135231,-6.265062731,htrA,gene:SMU_2164,0.001897985,0.328861141
1686,-0.117562808,-0.517951125,0.28282551,7.329240023,-0.676752901,0.517594686,0.638258948,-6.281207519,rnc,gene:SMU_1514,0.001867645,0.204279754
1691,-0.111336523,-0.531150997,0.30847795,9.18369594,-0.611254151,0.557948378,0.672807902,-6.291327181,murI,gene:SMU_1718,0.001848875,0.214191058
1692,-0.104592502,-0.485979024,0.27679402,9.00034487,-0.632086895,0.544916551,0.662427822,-6.291638754,ffh,gene:SMU_1060,0.0018483,0.19458496
1693,0.226565026,-0.547831444,1.000961497,8.415726858,0.674327825,0.519056104,0.63926198,-6.292287135,gcrR,gene:SMU_1924,0.001847105,0.39510024
1696,-0.10610335,-0.696482457,0.484275757,5.077089073,-0.414228228,0.689559712,0.782797073,-6.294573505,adh,gene:SMU_119,0.001842894,0.30121383
1699,0.110627893,-0.804694813,1.025950599,10.5530067,0.278568482,0.787620989,0.853933974,-6.295388684,naoX,gene:SMU_1117,0.001841395,0.467001381
1700,0.078257124,-0.512953382,0.66946763,4.567829288,0.305086728,0.768064722,0.838208004,-6.295470293,lacD2,gene:SMU_116,0.001841245,0.301638013
1702,0.061427856,-0.637302668,0.760158381,10.71103313,0.202626955,0.844470666,0.889773667,-6.297220103,rs6,gene:SMU_1860,0.001838032,0.356495166
1704,0.10732621,-0.296331562,0.510983982,9.119828735,0.612821578,0.556961597,0.672807902,-6.299110072,mutS2,gene:SMU_1870,0.001834568,0.205947843
1710,0.085178872,-0.354144258,0.524502002,5.42510246,0.446878427,0.666779599,0.7644138,-6.308950742,bacA,gene:SMU_244,0.001816636,0.224144454
1713,-0.042883185,-0.942766373,0.857000004,4.216952762,-0.109835433,0.9152375,0.937956383,-6.313385212,comYA,gene:SMU_1987,0.001808612,0.459124076
1715,0.191362729,-0.495260339,0.877985797,8.231798945,0.642363034,0.538555409,0.657124195,-6.315820086,furR,gene:SMU_593,0.001804222,0.350317892
1716,0.129527574,-0.875232845,1.134287993,10.31441548,0.297126431,0.773917375,0.84314687,-6.318707221,purL,gene:SMU_30,0.00179903,0.512632867
1719,0.160102377,-0.423634409,0.743839163,8.361580092,0.632153127,0.544875409,0.662427822,-6.321245587,lepB,gene:SMU_1188,0.001794477,0.297824891
1720,-0.10780785,-0.573891578,0.358275877,9.358843161,-0.533123737,0.608394471,0.715352975,-6.322655364,rgpF,gene:SMU_830,0.001791953,0.23779782
1727,0.142861875,-0.430426052,0.716149802,9.077292622,0.574361239,0.581465046,0.69361501,-6.326924366,rpoZ,gene:SMU_479,0.001784334,0.29249384
1729,0.127761175,-0.382749899,0.63827225,9.025151598,0.576813352,0.579884888,0.693401747,-6.32909785,glnP,gene:SMU_1522,0.001780466,0.260464834
1730,0.375510447,-1.050360199,1.801381093,8.735251988,0.606992702,0.56063633,0.67406184,-6.329242563,bacD,gene:SMU_1339,0.001780209,0.727485023
1731,-0.126926686,-0.602116995,0.348263623,8.271983245,-0.615640156,0.555189708,0.67119442,-6.329476366,thrC,gene:SMU_70,0.001779794,0.242444035
1734,0.020325477,-0.549416717,0.590067671,10.57442058,0.08222501,0.936482121,0.954872984,-6.33157559,rs18,gene:SMU_1858,0.001776068,0.290684793
1736,0.141023845,-0.405054568,0.687102258,7.14231775,0.595222194,0.568099509,0.681788522,-6.332317501,argR,gene:SMU_2093,0.001774753,0.278611435
1739,-0.147220789,-0.718252908,0.423811329,7.289810792,-0.594223989,0.568735037,0.682136309,-6.334550694,hisD,gene:SMU_1270,0.001770801,0.291342917
1741,0.098473764,-0.273975004,0.470922531,7.987939319,0.609390345,0.55912307,0.672807902,-6.336694466,pepA,gene:SMU_1973,0.001767016,0.190024881
1742,0.073960208,-0.62826676,0.776187176,4.862342533,0.242751652,0.814288523,0.869838254,-6.337670398,sloC,gene:SMU_184,0.001765295,0.358279065
1743,0.038199196,-0.420720731,0.497119123,10.32660599,0.191848709,0.852627288,0.894153994,-6.344871013,ftsZ,gene:SMU_552,0.001752652,0.23414282
1745,-0.094913595,-0.476886917,0.287059726,7.295218477,-0.572712903,0.582528597,0.69361501,-6.348554659,potB,gene:SMU_974,0.001746219,0.194884348
1750,-0.151610071,-0.797985786,0.494765644,6.990716876,-0.540610648,0.603456024,0.711666907,-6.356608391,gltB,gene:SMU_366,0.001732236,0.329783528
1752,0.153301293,-0.49621588,0.802818467,8.869610234,0.543997312,0.601229241,0.709889463,-6.358681709,scnR,gene:SMU_1815,0.001728655,0.331386313
1753,-0.124986657,-0.635105806,0.385132491,7.509410821,-0.564720562,0.587700831,0.69765369,-6.358867097,nifU,gene:SMU_250,0.001728335,0.260264872
1757,0.31953896,-1.082760696,1.721838615,9.025476211,0.525199814,0.613644544,0.718528596,-6.361478357,pdhB,gene:SMU_1422,0.001723835,0.715459008
1759,0.09610889,-0.296509663,0.488727444,8.364157509,0.564201606,0.588037551,0.69765369,-6.363295306,opuCb,gene:SMU_2117,0.001720711,0.200315589
1761,-0.071301441,-1.167985622,1.02538274,10.22591852,-0.149850536,0.884581091,0.916156689,-6.364774929,adhA,gene:SMU_127,0.001718172,0.559532745
1766,-0.18792383,-0.983672481,0.607824821,8.525569313,-0.54431151,0.601022876,0.709889463,-6.367193168,hprT,gene:SMU_14,0.001714029,0.40599421
1770,-0.048734702,-0.552139469,0.454670066,10.03356349,-0.223132362,0.82900864,0.878428597,-6.3734928,eftS,gene:SMU_2031,0.001703283,0.256839167
1772,0.072544513,-0.442447707,0.587536733,5.604150141,0.324672479,0.753732599,0.828014709,-6.374187821,pflC,gene:SMU_490,0.001702102,0.262751133
1773,0.118950725,-0.713820662,0.951722113,5.625759071,0.32921747,0.750420964,0.825295742,-6.374500448,trpB,gene:SMU_537,0.001701571,0.424883361
1777,0.10042314,-0.427462451,0.628308731,9.313014293,0.438465638,0.672615402,0.769511071,-6.379734973,hisS,gene:SMU_2102,0.001692702,0.269329383
1785,0.087192033,-0.29482546,0.469209527,8.068310487,0.526059816,0.613073585,0.718528596,-6.386804647,folP,gene:SMU_969,0.001680798,0.194906885
1787,0.093577231,-1.133214951,1.320369414,9.995165211,0.175808863,0.864800407,0.903020371,-6.389985676,pdhC,gene:SMU_1421,0.001675468,0.625914379
1790,0.035321027,-0.915343541,0.985985595,10.04279527,0.085634268,0.933855592,0.953180074,-6.396276591,tpx,gene:SMU_924,0.001664979,0.485032943
1792,-0.05444999,-0.497480158,0.388580178,9.686480204,-0.283273584,0.784138959,0.851930709,-6.398500202,glmU,gene:SMU_1635,0.001661287,0.2260358
1793,-0.081132283,-0.454280474,0.292015907,8.152544721,-0.501134075,0.629734534,0.732916737,-6.398810416,cpsY,gene:SMU_1225,0.001660772,0.19038173
1799,0.080569542,-0.322793722,0.483932805,8.832334614,0.460379656,0.657464392,0.755930795,-6.404419807,ftsY,gene:SMU_744,0.001651498,0.205797584
1801,-0.067036763,-0.457521416,0.323447889,9.185535782,-0.395685962,0.70265017,0.793448191,-6.407297733,dapA,gene:SMU_990,0.00164676,0.199226863
1803,-0.134886082,-0.778986474,0.50921431,8.106254457,-0.482675384,0.642220433,0.743603823,-6.408281114,punA,gene:SMU_1229,0.001645144,0.328622649
1809,-0.084652278,-0.854300217,0.68499566,5.844733466,-0.253505925,0.806252471,0.864060905,-6.414129768,rgg,gene:SMU_1509,0.001635565,0.39267752
1810,0.083532445,-0.336667468,0.503732357,8.633097761,0.458184938,0.658974375,0.757225651,-6.414313659,yfbQ,gene:SMU_1826,0.001635265,0.214387711
1811,0.057346523,-0.376041555,0.4907346,9.49326745,0.30498024,0.768142911,0.838208004,-6.414611438,asd,gene:SMU_989,0.001634779,0.221116366
1812,0.04944728,-0.602165116,0.701059677,9.792072917,0.174901948,0.865489874,0.903020371,-6.414630387,relA,gene:SMU_2044,0.001634748,0.332455304
1813,0.088727203,-0.346295123,0.523749528,7.805305856,0.470096285,0.650799427,0.749578091,-6.415414249,leuB,gene:SMU_1383,0.001633469,0.221950166
1817,0.039541254,-0.391618786,0.470701294,9.68570277,0.211374945,0.837865065,0.88448784,-6.419393437,aroG,gene:SMU_1836,0.001626993,0.219979612
1820,-0.000905323,-0.535877582,0.534066936,5.499138757,-0.003900444,0.996983143,0.996983143,-6.422656892,tnr5,gene:SMU_1032,0.001621701,0.27294503
1824,0.06510655,-0.487927263,0.618140363,9.479185761,0.271340469,0.792979992,0.856549965,-6.426899281,glk,gene:SMU_542,0.001614846,0.282160109
1825,-0.081488393,-0.545581024,0.382604239,7.01442089,-0.404699486,0.696273279,0.788150993,-6.426975752,hisC,gene:SMU_1273,0.001614723,0.236781955
1827,0.09786682,-0.422660413,0.618394054,8.483821944,0.433344807,0.676179252,0.771958623,-6.430803275,deoD,gene:SMU_1227,0.001608564,0.265575119
1828,0.21900405,-0.926451846,1.364459947,8.307798788,0.44067189,0.671082658,0.768453908,-6.43133667,bacA2,gene:SMU_1340,0.001607708,0.584416274
1829,-0.068988234,-0.476894797,0.338918329,6.959333345,-0.389812633,0.70681899,0.79643282,-6.431490072,cobQ,gene:SMU_1430,0.001607462,0.208115593
1833,-0.077500663,-0.533788507,0.378787181,7.095832006,-0.391478659,0.705635387,0.795734199,-6.435581805,nadE,gene:SMU_465,0.001600909,0.23279992
1834,-0.058055779,-0.579858036,0.463746479,6.155039033,-0.256437229,0.804066269,0.863124456,-6.435905087,hisG,gene:SMU_1271,0.001600392,0.266225641
1835,0.053374072,-0.325350618,0.432098761,9.194473873,0.324824135,0.75362201,0.828014709,-6.436141827,purA,gene:SMU_268,0.001600014,0.193226882
1837,-0.014602056,-0.545697453,0.516493341,9.704656245,-0.063369904,0.951022309,0.964217377,-6.438754911,alr,gene:SMU_1834,0.001595845,0.270967039
1838,-0.027502483,-0.636225939,0.581220973,9.666413525,-0.104134214,0.91961893,0.940595204,-6.438954904,guaB,gene:SMU_2157,0.001595526,0.310573192
1843,0.01899281,-0.401167995,0.439153614,9.655730937,0.104187413,0.919578032,0.940595204,-6.44091259,ftsA,gene:SMU_551,0.001592411,0.214367758
1848,-0.075472338,-0.564283541,0.413338865,7.019172499,-0.355867418,0.731115547,0.814966652,-6.447272108,hisZ,gene:SMU_1272,0.001582332,0.249393471
1851,-0.099518827,-0.808231014,0.60919336,6.780305627,-0.323650978,0.754477649,0.82832559,-6.449587508,add,gene:SMU_1295,0.001578678,0.361587851
1853,-0.087898452,-0.605702138,0.429905235,8.137567327,-0.391252983,0.705795665,0.795734199,-6.451452257,metK,gene:SMU_1573,0.001575742,0.264185554
1858,0.073948002,-0.454872957,0.60276896,8.940460799,0.322299296,0.755463942,0.82832559,-6.456428333,thdF,gene:SMU_1235,0.001567932,0.269806612
1863,0.041279785,-0.519652233,0.602211803,6.189452796,0.169616763,0.869510267,0.906256607,-6.459302805,gidB,gene:SMU_1931,0.001563439,0.286189805
1869,-0.04070732,-0.472856119,0.391441479,6.453270139,-0.217110473,0.833541546,0.881810976,-6.465122767,ccdA,gene:SMU_1170,0.00155438,0.220484081
1876,-0.068774865,-0.522895692,0.385345962,7.763421404,-0.349059853,0.736028322,0.816751338,-6.468278157,potA,gene:SMU_973,0.001549491,0.231694299
1877,0.018502601,-0.414262536,0.451267739,9.400736335,0.098542165,0.923919302,0.944504032,-6.468805515,guaA,gene:SMU_1066,0.001548675,0.220798539
1885,0.087956111,-0.513300648,0.689212869,8.327025977,0.337168986,0.744640471,0.822146418,-6.473396319,trkB,gene:SMU_1561,0.001541593,0.306763652
1888,0.059015951,-0.496851638,0.61488354,6.822478774,0.24470319,0.81282848,0.869219833,-6.477000726,recO,gene:SMU_25,0.001536055,0.283605913
1892,-0.008796724,-0.423313027,0.405719578,9.312955024,-0.048912622,0.962184639,0.970726721,-6.480987451,covR,gene:SMU_1517,0.001529953,0.21148791
1894,-0.043074393,-0.477670191,0.391521405,8.952759097,-0.228441613,0.8250178,0.877025927,-6.481566419,pyrH,gene:SMU_1625,0.001529068,0.22173255
1897,0.056001955,-0.364591274,0.476595184,8.201364811,0.306889821,0.766741212,0.837641423,-6.484467524,serC,gene:SMU_1656,0.001524646,0.214588382
1898,0.070314485,-0.476213527,0.616842497,8.441522377,0.296533626,0.774353844,0.843156807,-6.485387336,sunL,gene:SMU_482,0.001523246,0.278840823
1899,-0.005223793,-0.732321948,0.721874362,9.266583262,-0.016559015,0.9871928,0.991211906,-6.48605496,rs20,gene:SMU_1127,0.001522231,0.370968447
1907,-0.010212659,-0.437657037,0.41723172,6.494305924,-0.055068187,0.957430749,0.968226995,-6.491655561,miaA,gene:SMU_1477,0.001513742,0.218083866
1910,-0.036139402,-0.434339892,0.362061087,8.838096029,-0.209180286,0.83952099,0.885288569,-6.493237914,opuCc,gene:SMU_2118,0.001511352,0.203163515
1913,-0.068472915,-0.671168794,0.534222963,8.376893259,-0.261855785,0.800029883,0.861794672,-6.495182182,pepV,gene:SMU_1239,0.001508421,0.307497897
1914,-0.030481262,-0.425152514,0.364189991,8.901490582,-0.178007794,0.863129219,0.901988321,-6.49630667,asnS,gene:SMU_1311,0.001506729,0.201362884
1917,0.048604681,-0.379892917,0.477102278,7.790041721,0.261439543,0.800339724,0.861794672,-6.497824314,ftsQ,gene:SMU_550,0.001504447,0.218621223
1918,-0.006794134,-0.59094035,0.577352082,6.597550781,-0.026807364,0.979268171,0.985353914,-6.49841843,serB,gene:SMU_1269,0.001503555,0.298033783
1919,0.046837818,-0.36672865,0.460404286,8.198833807,0.261031495,0.800643504,0.861794672,-6.498579968,glmS,gene:SMU_1187,0.001503312,0.2110033
1921,-0.036799168,-0.48574348,0.412145145,8.785736238,-0.188923985,0.854843925,0.894751759,-6.500307252,epsC,gene:SMU_1437,0.001500722,0.229053221
1928,-0.041445627,-0.484990192,0.402098938,8.500183459,-0.215368918,0.834853725,0.882652942,-6.505064892,dnaI,gene:SMU_1921,0.001493609,0.226298247
1934,0.064490835,-0.618594859,0.747576529,8.149365,0.217602752,0.833170738,0.881810976,-6.510364614,trk,gene:SMU_1562,0.001485726,0.348513109
1935,-0.060232822,-0.720360527,0.599894883,8.166423461,-0.210303657,0.838673271,0.884867575,-6.510778679,satD,gene:SMU_1058,0.001485112,0.33679985
1936,0.024418518,-0.376996955,0.425833992,7.13457206,0.140206056,0.891953155,0.9223394,-6.510780481,ctsR,gene:SMU_2030,0.00148511,0.204803813
1942,-0.033832281,-0.499254835,0.431590274,8.37773234,-0.167542666,0.871089124,0.906465634,-6.517732472,pfs,gene:SMU_1632,0.001474836,0.237460487
1943,0.004711249,-0.514259019,0.523681517,7.045710517,0.020923539,0.983817653,0.98933345,-6.51802146,cnhA,gene:SMU_1937,0.001474411,0.264780749
1944,-0.030742656,-0.461035576,0.399550264,8.296055239,-0.164671621,0.873275653,0.90762218,-6.519394463,hexB,gene:SMU_2089,0.001472391,0.219537204
1945,-0.02696985,-0.472400363,0.418460662,7.462151852,-0.139553312,0.892452514,0.922372347,-6.519810959,ruvA,gene:SMU_2088,0.001471778,0.227260466
1949,-0.061148259,-1.125899939,1.003603421,7.545353142,-0.132366272,0.897954024,0.926692055,-6.522388592,adk,gene:SMU_2005,0.001467995,0.543240653
1950,0.018503764,-0.3702698,0.407277329,8.573788764,0.109699573,0.915341874,0.937956383,-6.522780748,oppD,gene:SMU_258,0.00146742,0.198353859
1951,0.011394593,-0.585144224,0.60793341,8.718113507,0.044025235,0.965960283,0.973360387,-6.523039593,deoB,gene:SMU_1233,0.001467041,0.304356539
1953,-0.025384281,-0.481026019,0.430257457,7.68998594,-0.128405299,0.900988588,0.928762009,-6.525228925,cysS,gene:SMU_158,0.001463838,0.232470274
1955,0.01080481,-0.378231857,0.399841476,8.607485745,0.064012996,0.950526031,0.964209697,-6.525933005,pncA,gene:SMU_1823,0.001462809,0.198488095
1958,0.020816943,-0.433284357,0.474918243,7.90743601,0.105658826,0.918446961,0.940371486,-6.529816396,mecA,gene:SMU_245,0.001457147,0.231684337
1960,-0.018747441,-0.541837918,0.504343037,7.921944856,-0.082605078,0.93618927,0.954872984,-6.532157856,fabH,gene:SMU_1744,0.001453744,0.266882897
1962,-0.011831632,-0.392364165,0.368700901,8.200761174,-0.071662909,0.944624377,0.961188188,-6.532532761,leuA,gene:SMU_1384,0.0014532,0.194149251
1965,-0.007637576,-0.369236375,0.353961223,7.678664306,-0.048682195,0.962362629,0.970726721,-6.532878633,pbp2a,gene:SMU_1949,0.001452699,0.184489183
1966,0.014309787,-0.473382362,0.502001936,7.891126011,0.067628379,0.947736454,0.963857745,-6.5333704,folD,gene:SMU_572,0.001451985,0.248822525
1967,0.011924461,-0.463069047,0.486917969,8.240101026,0.057861897,0.955273775,0.967037023,-6.533441779,serA,gene:SMU_1653,0.001451882,0.242343627
1968,-0.010559905,-0.42053228,0.399412469,8.154140542,-0.059367261,0.954111673,0.966356433,-6.53372169,uvrC,gene:SMU_1241,0.001451476,0.209169579
1970,0.002712713,-0.583571606,0.588997031,8.17903247,0.010664417,0.991751597,0.992757941,-6.535572398,dnaA,gene:SMU_01,0.001448796,0.299124652
1973,-0.002134993,-0.363618034,0.359348047,8.105908524,-0.013612885,0.989471243,0.991481342,-6.535785841,metA,gene:SMU_1466,0.001448487,0.184430123
